summary_polyline,id
q{zbFf|yfVL^LDVGbA_@bBaAb@[LSRSlBcAf@k@LYPENBHFf@hAv@jAt@nBd@t@Nr@Vp@h@`AD@JGvAoAt@m@RIpBeARj@RP^Fj@Kb@St@w@N]Ni@Xs@`@yALQv@c@XYXK^YXKZWz@a@dBeAp@e@p@s@hAm@p@Wh@g@h@Yr@q@f@[d@c@j@WBG@SYe@}@kBKCc@N_@d@yAhAuAp@EEc@cAKm@Oc@KWEUEKSKe@BAJI?CJ?FGF]R]L`ASRDJLt@bCJXLh@^v@Rv@P`@DVETi@PoCnBkAj@eAbA_@XYLYXuAn@m@j@OXm@hBMn@IPILq@j@k@Nk@ESEa@_@]AWRo@\sAjAeB~@WXg@Xa@d@wExCo@f@YJy@r@gAl@_@XCJGp@Bb@H^`@lA|@~AJp@Zx@NVv@dCzAnDj@pBl@jANb@Jb@Xn@X~@Rb@HV`@`AV`Ap@hBpA|CLr@^p@Xr@?FKJENR^Zv@\j@n@rB`@t@d@|AJn@Pb@?PENKLgA|@Ub@c@f@Wl@k@p@Q^[d@qBzA}@lAGNI^Bf@Nl@?LCH_@j@K\k@hASV[j@WLMNi@b@oBr@c@`@WLWFa@AEFAFF^Td@Jz@j@vABXAFBO?QOkAGSGMQIqAH}@`@WPMRMHcALSLw@v@a@l@GPA^Up@i@F[Je@`@]PKJg@v@u@v@m@XGCEGuAf@]@EEEII}@Cu@FyAI_@g@wBUg@SUGQUBwAt@Q@YKYDIASN]P[VMBEAk@WKKy@yCSo@a@cAA_@FWHMz@m@xAk@f@Yf@c@LG?GQKYm@]oAqAoDKe@Sg@Gc@FW\Ot@c@X_@`Ai@\YPWDSAUYgAIg@Qu@]e@p@SbCiAXWf@u@~@eAlAy@BGJa@FKh@c@f@Yh@UNCXQb@M@WOq@?SBOf@[PEN@XKd@YHO@QAWi@mACOBKrBmAJIFQCYo@{AIi@[kAmAiC_AaBU{@O_@Ku@@GFEp@Yb@WDIDWXc@xBu@LMBQIaAUw@Qe@Wa@CG@OHKj@]DGJq@DErAk@|@i@`@[FSAUMs@u@yAu@iBOOMWi@{Bq@aBGc@DIt@[ZW?MG],25
w{zbFr{yfVVl@@HKb@KN_AZKPDZTp@P^PR`AbCj@fAt@|BZlAGJe@TQj@UZiAl@q@j@u@`@EDCRFZf@~@r@fBDh@HRHp@N^Rr@^`ADV^|@p@rBN^FXIdA?r@Qj@i@n@c@XsAp@IX?l@H\NZh@hCZr@H`@\|@VdAn@lAd@xAAVmA`AIl@SZEN@JHt@\`AH~@Ad@D`ARxBETFNJn@`A~C~AfCDVI`@kAxBYHGJAPHhACNc@HSAGDKf@@p@Tv@Vf@~@xD\x@^j@r@lB`AzBLn@PXNb@|@~AX~@^\ZtANf@TvAd@`B@PGZFx@TdACRsBbAg@^w@b@y@n@SH_AJUUa@QWEi@B]Yc@ASVp@p@Jh@GZILa@NQT_Ah@e@N_@A]HKCk@aBe@_@Ws@EEO@w@z@UHy@Lk@PWJs@h@c@b@Yn@yAbA_@`@[j@SPwCbBSP]v@q@n@SHCGy@FGAOWOCYBo@Ze@JaBK_A?c@Ia@Sk@Ok@ImA?[EQKCKHG`AGFQAGEYGAJbAl@fCHp@cARa@PORYl@u@p@c@V{@NcBLeAl@gBd@sAnAo@dA_@VQRGNHFbBY~Aw@`BSz@s@\q@p@_AvCeB^a@h@}@XYTOf@OFIAWc@iB^c@BQa@sA?G^a@vAo@NY?]{@_BOqAS}@C]W}@KQ}@eA?Of@qABUE}@Mc@k@gAuAuEIW@GLYDSVe@r@w@lBaApCoBR[Pg@H]HQf@UlBi@RQ`@k@Hw@Ec@Uu@Ug@Mi@MYOg@m@qAE[Ak@DKJE\Ad@OrAiAdAg@Za@Ai@_@q@Uk@Ig@]u@?IDGj@UXSd@QlAs@b@CLEn@y@?OGY@WVe@iAgC]c@IUS_BQi@AMFURe@`@_@`@STAJe@B[DEfAaAvA}@RS@SCQg@cAMe@MWAGDK~@w@^m@VM\_@bBy@zAaAVMjAeADIAIEImAs@X[r@YF@FLFV?XFDPEFU@WWw@Ou@m@mB[c@Wq@Mg@A_@IUEK[WKO{@{CoAcCOc@cAaEE]PYzBoAd@m@hBcAx@q@|@g@lA_An@[DICSUs@g@_ASm@Js@AI}@}B?En@_@Pa@,26
q{zbF`|yfVLVCFONw@`@QNEBGGS{@Sw@oB_FKm@?m@Yu@I[Wi@EEMG[GQMEMAONo@Te@Jc@JOXUNGVEz@Ad@Ib@@fBTn@BNB`@Rb@d@HNDZ?FGJo@N_AHaAd@KHq@p@m@hAYVW?KCe@?SEUMGOKa@@q@EOEESIa@YyAUm@Yg@Oc@y@UYc@{@KMWOIM[m@Ya@Qg@HS|@g@d@SRM\g@n@q@Zc@h@YNElAJtBXlAVl@Rx@Fd@GXI|A?lBb@bAFz@PrABx@RLFZx@PXHDPBXARBlAx@TXl@bAn@z@rA~@x@Nh@Nb@@ZB`@LFH`AWTM^a@LOj@gA^c@hA]jAQx@a@`@]TWHODUEk@Us@W_@_@YQSi@uAg@eA}@_CU_AEa@?s@COSWCc@@}@NaCFwADQNa@LSHID?Qi@Z_@ZUNCPDAXETFXVn@VdAxBlGNp@`@hAr@nBb@lBP`@Nh@b@fALDNE|AsApBqBFQ@SFOp@}@fAgBJc@?QEQIQi@q@Se@Ki@E[Ii@a@m@G_@Ca@CIGMQOIEUCq@HKASIMQSs@QQa@Qa@Lg@f@SFUN?FJCf@Ub@YTIFALB`@NJGDGDQ@_@F]LSJCT@v@Rp@@ZJhAn@f@t@VJX@TE`@SZIh@CXKRMLKh@w@Z{@NqCAo@\YR[\iAJc@LUNQn@i@LWX{A?k@D}@HUTWfAg@bA{@h@I`@@HLRpA\|@n@vALh@B`@DVJTb@t@`@x@DRDR@RAPIXMTgEpDe@`@eAnA_@VOBi@_@SGKBED_@|AYr@OTURi@TKJILKn@GLWT[R]`@q@h@qDfDe@h@m@d@sAvAa@\y@dAUPg@ZY^yCfCA\JXr@pAPx@l@bBz@dBF`@ELyAp@uAdAyBtA]NkAz@a@Ri@ZQNs@t@Qr@Wn@Yd@Ob@Yd@a@f@UDCGg@JgBGa@GODqA~@k@h@wA|@YV}@h@ETOPu@T]Tw@`@kAr@gBrAaBdAw@r@GECCe@wAOo@[y@a@uA}@qBa@eAe@y@?MHMVQ^QZY,27
u{zbFr{yfVNPJNDNENOLqBr@wCpBcC|AmBpAaAt@c@Vi@b@sAx@gAz@u@^_C|Aq@d@YZ]VgC~Ae@T_Av@e@Xe@`@_@NYRUPm@Zu@j@MDKC[cAOm@CWa@gAMe@g@cAa@gAcA}BAGBGHKLIz@]^]fBkAf@Ur@i@d@UL?z@y@b@W|AmAbAk@l@k@`BaAHOAIUKEEYu@Ka@i@q@_A}Be@a@MSQi@O]QSq@aB{@yA_AkB}@sAa@kAc@w@m@}@uA}BKi@m@kAc@i@GO?MBGn@_@dDaDZW\a@vAiAl@w@`Au@Z[b@o@l@e@bAeA^Wd@y@`@i@b@[jAmA|@c@x@y@VQTWXSfAqAh@_@LMP_@NQ`A{@b@e@t@s@RWf@_@d@i@`Aq@b@k@XY`@WV_@\Wx@y@`@i@dDcDb@]^QLW^_@RYh@e@d@k@d@c@XOXc@PQNGFFLTTr@h@nAVd@b@l@j@~@d@j@hBlDl@~@p@jAVXJVPNl@tAfBvC`@d@V`@X\r@~Ab@h@jA|Br@bAz@dBZr@rA~DdAjClC~JVv@LTF\R\\`AlAxC|@lCk@f@o@XgBhAe@^e@b@o@Xa@Vi@d@w@f@_Av@s@`@i@b@W\U`AWf@EXIRc@d@uAn@m@Ca@KaA?i@Vq@h@{B|AI@CAKSIc@Qs@[aAKIMAOBULa@XeBvAYJyAdAQFOKo@qBq@oBQq@Sg@EEQAu@VsB|A,29
w{zbFj|yfVR^CPmA|@KN@Hr@xAp@pBt@dB^zAR`@d@fBRd@{An@}@v@eBbAk@f@EJBFz@tBNr@cBjA{@vAgAd@U\DVd@p@z@xBFhAXnA^r@RPxArCEPU\y@t@eC~AiA|@OTVlArAxED`@GhAFd@`AxBh@n@L^CNUV}@f@ERMPk@Vm@d@K\?PpAbBX`BNX~A`BH^I`@UZmBbA_CjBCDt@fBX`A@V[XuAd@ENbBtBd@hAr@rCXp@R`ABj@CLSRaB\_CvAs@z@MpBDX\l@Rp@z@tBP\NFTIHW\YvBwA\c@d@u@zAXr@z@r@f@LV~@lDJNJBFPDvBIZWZw@d@{B^a@?a@RKLQr@Wb@GzAQVWP}B`@o@d@]b@@^`@pCCZURs@DgA|A{@n@aAvAg@f@_Al@k@l@qAl@_Db@g@]_@OyIaCe@AqA`@mAx@aBbCkAdAu@ZmBTc@Nw@x@sAtB}@b@eAR}AfAcBxA]r@s@fCMtB[xAu@jAmB|A{C~@cAbAqAhB_Av@iAP}A~@uCr@eAr@aA\qCNsBt@s@b@m@hAuCbBKH@BhAm@jAi@d@_@d@_A|@a@vBo@dCGx@_@|AgAdCa@f@W|@y@jBu@tBmCXWxAy@rAMXKrAqAh@m@JUVcATqCXaBJc@`@y@nAgAtB}Ap@IjAg@b@c@`A{AVWtAq@dB_@x@_@jAiAdAiBfA_A|@[p@ArBr@vBd@v@\zAVx@d@b@Gx@g@bBWVKz@m@nBiB|@wAhA{@rAeBf@IDGAm@[oCBW`@Y~@_@zASp@q@j@YbBYh@Ub@e@`@cA\o@rAy@DUESyAoDUOOUa@iAi@{D}@oDLc@YUmAuCIY\oARSf@WHaBn@cBVaAVC~@uBh@k@Pm@Vc@t@s@b@SRUZk@Da@G_@cAoBq@qBGo@q@cBQ}ALqA?}@e@mA[}AEk@q@oBc@_Bq@gAs@oBYm@I_@a@eAY}AGe@?OFIpAi@\e@F[Gc@k@qAw@eCw@aBO}AiAeBQo@BUVg@F_@P[~A{@fBk@HEFSCk@iA_Cw@cCeAqCWi@o@kBPYbE}BhA}@@a@k@kAUs@b@]p@w@,30
{zzbF~|yfVVQb@KVSf@Oj@[bBiAp@a@h@e@nAo@TUJCFFLh@N^zA~Dj@v@Z\r@lBPZFFD?bAs@dAm@pBsAL?PD|@Rz@Cb@GNGDENYXw@Ji@`@y@Ps@HQf@_@`Ae@jBqAp@]\Yr@c@Z[`Aw@lBgA^]LUBYCImBsEo@{Bg@aADKDEp@YjAw@ZObAeAp@{@t@s@NU^_AH{@A_@Qe@_AeBM_@S[Mi@Sm@Mo@MSQMSIOCq@BWEc@iAOM]KYBi@b@WJQ@]IG?GLHJFBV@d@GXO`@]TWR[POTC\a@XELBr@R|@Dv@b@VHNJb@r@LD\Bf@MVMl@@LC^MTKRORWHONk@N_@HIDCL?ZHLADCb@s@JGJ?JLXz@DDR?PMx@}@FOAGUc@MEG@OZMJy@FUEM?OL[j@KFUASIEGIOAQNoA@aAOs@cAmCe@oBOiAEcANyBDOTUN]b@}AHo@FQvA}Bj@q@`@iAPmADM\i@V[rBuAXKZGRBXNd@n@\NPLRVJT@FC\GTU\Qj@E^KZCnCEd@O\IDGAOYc@g@AM`@j@VZNDDADIL_@Hw@?kAC}@@a@HWTWR_@HY@[AMKWk@e@k@[e@i@c@M[@UHYRkBbBg@v@MZSrAQj@Yd@g@j@kAlBKZIp@IXg@hAYv@I`BIj@?XBXBRNd@Nn@j@lBXlB^lADt@KvASp@Ul@QX_@Zk@TWDg@Bq@Xo@FKHEj@G^IL_@V_@x@Op@Af@f@hBD|@Cx@CRMd@Q^Qv@k@bA_@f@g@^a@d@qB`B@Z`@l@XbA\x@^zAl@zA?NGPSZEP?NGJ{Az@WLe@^kBnAi@h@[Jq@d@_@Nk@\w@t@SNSXM`@k@lBa@n@KJc@Lc@@w@PYK_@Cw@L_@TeAx@ONeAj@WPGGAIQ]EUWg@S{@c@q@}@qBSo@y@sBKKMEOBi@f@_BfAQPEA@IRIHMgAp@gBtAo@`@_@R]Z[P,33
ek{bFr~dgVGHSHaAxA_BnBs@hAwChDcBhCc@^{CnDQ\iBzB}@pAiApAi@`AaBjBmA|Au@jAWV{@nAsAxA_AtAgAz@kBt@]XiDpAkAl@E@IGEq@AGKEOPaAzAm@f@g@PQNCDGZKL{B|@{Az@{@Pg@Zi@Hy@b@If@Hf@Tv@N~@F~BAFc@Po@FgAd@o@NWTEP?RH^f@|@n@vBPb@PPRC`Ak@|@[x@s@zAs@`AYhCqAzBy@z@e@PUB]Ms@]i@K[k@_CKaAUs@A]Fm@Ic@Uo@AGFMbAYx@c@TGjAtFR\PApDsBtIuD|A_Aj@Up@OlAi@NDh@lCh@lBdA~EWl@GTA\`@fBb@`CTpBX|A`@dDRlAENEBk@L_Bj@SR[JkAp@g@LMQI]Ie@Iy@M_@MAG^@Tn@nC@DEHuCdAaBz@m@TETNRN@rAm@tGaDPLt@fEd@jAj@xCQLaBn@cAZk@z@o@^_AZ]RCHDVn@lBf@jBPAfAw@x@a@HI?Ie@PiBdAKPEVj@dB`@vAdAzELBj@i@lAg@`Ai@zAk@RANQpAo@l@Kz@?\DjAEtEBFHEp@TNl@GTKj@BfBMrBJ`DEn@DHNBh@MvBAv@Kt@?`BKvARv@Az@XBj@URRHj@DBJH`@BxBI|@MTQH`BCpANrBH`@j@~ABZAl@NNPHh@Jj@BxABZVHV?ZMdB?x@GxB?p@Ot@S^q@a@kAmAwAcA_BwAQKO?MD_@d@c@lA_ArBc@jAmA`Ck@tAc@Ag@z@SDYK{@}@U]uAqA]GYP}@xAa@h@KT[`@AVPjAZz@ZzAJHNBnBa@t@a@n@u@~@_Bj@w@C[QYmBqAc@e@_Au@W]iDeC}A}AaEuCCGXUJWKOoA}@k@WyBuBqAiB[yAi@eBOs@Oe@Ki@k@kBMq@m@wAS}AOg@KaAa@s@e@iBm@k@GMg@gCe@gBIIMCqA|@{@ZMGIUaAkEiAeE_@mBm@iBUwAYw@eBsHg@aBa@sBYw@w@eD{@oCe@{Bw@sCi@yB]kBBYJIxDsAnCyArAa@fD{At@i@Va@Pe@^o@pAyAdB}BZ]R]d@e@z@uA`AgA`AwAz@_AnAuBh@c@dAsAXi@fAgAdAoAx@yA`AgAfCiD|CuDMg@,34
ok{bFv~dgVQJKGc@gAcCeDw@wA}BoC_@q@}AiBs@uAcCgDWq@Ye@c@[g@u@aB}Co@wAcA{AuAiC]WwAaC}CsE}AmC_CkDgBcDuAsBWQu@kAEQa@s@yE_H}@gBkC}D{@cB}@oAx@kA~@aAbAq@p@iAp@}@xBkBj@iBJi@TmCPaALe@Xm@h@i@rCqBt@]fA[`@U\a@l@iAr@s@n@YlB_@hAg@lAiA|@eBx@{@xA_@tAD~ClAtDx@j@b@r@Ez@]fAOzAy@h@m@~AuAR]Lc@NSbAq@bAyA^SBk@_@yBCQBOZItAu@d@MfAMbA{@^QrAK^M`@YZc@P]XaAV]VK`AHRE^UvAyAzAw@r@Ul@u@^yACLhB_EpBgB^Ql@aA@GKc@Je@Pc@@k@d@aAD@Rt@Ft@CJWJQl@a@~@}AxA]j@AJFJV@x@UHLc@h@qA`@UPUX{@hBAn@Fl@`@fBRjCTt@z@xG@r@GLg@@cBKeEPMKGmAIYk@KY[e@Uu@Me@Ha@d@y@l@o@J_Cp@m@i@c@eBWq@WKeA@eBv@QZYnAGHu@d@cAnAo@^yAzAkCpB_@~@oAbAy@@_@WYCiAZ_@B{COiCi@gAESMy@IoAg@WE}A\oG|C_BjAm@l@{@n@cG~FsAbEyArDiA`Cm@t@{CbDsDhDeAf@MPB^jA`BbAdB^RVKpA}BXUDYc@Oo@Bu@L}@rAm@b@kAXyA|@aCb@iCtA}BFqDxAWBIDOXUv@WTiHfEmAhAmC~AaDxByAfAWZkAp@gBrA{GvGa@ZcG~DcAd@sB|AaBx@mBr@o@^s@v@i@v@iB|AsBbC@FLC`C_C\GZa@NKTq@b@s@ZYRCd@TDAl@gAZUd@SZ[j@_@tE}BrAgApBmAvBcBzAiBbAw@xA_BvGeEv@y@pAq@jCsBxFoDh@i@nCwARYNg@TU`Bk@vABp@HdBQhCwAtAKhAa@bCa@\Kh@YhAbCt@x@t@~AfCrDdAlBn@~@v@rA`BxCJD^c@r@OHRET@VxEzIbCfD`AdB`CpD`@`@bA~A`@b@j@`Bj@p@`@x@b@l@zA|Cx@jAxAbBd@bAhAzA`A`B`C`D|@~@Vr@v@rA|@dAFXf@|@`C|CJFLE,35
oj{bF`~dgV^q@fBmBf@w@r@q@d@u@nB}Bn@}@JCHHJRb@jA\VXZb@z@|@jA`@n@|@jAn@lA\^RND?NIn@cAV[l@m@H?JHZr@t@vAh@j@f@~@r@dA\`@BFANCDy@x@c@h@S\{@`Ac@j@MFOGEC{@_Bw@cAyAsB[k@AGDODGj@_@r@m@bC{CJAHFl@zAPTb@`@\h@DDRDF@FCHQ?OK]KQAQDMx@_A~@w@tAkBNKJAPPV`@l@r@^t@Xb@n@lA\f@^d@xAnBTj@\h@JJdAnBZ^v@f@Bb@G|@AtCIxAERODQ?e@CSEk@CKCKIg@g@i@w@KY_@c@wAsBu@y@S_@}A}Be@][LE@[k@e@g@SKQ?ONU`@}@pASNaApAq@pAo@p@i@~@MNGLAPHRj@d@b@f@NZnAlBj@fAbAxAv@x@JVKNs@XQLcA`@_B|@e@NC?}@wAs@u@MUe@a@Um@[g@_Aw@y@aBc@m@{@cAgAaBWi@Oa@?OHURQjAqAN[b@q@`@_AtBeDDYC]m@i@s@aAk@k@}BcDQc@MeAi@eAc@i@ECG@WPc@n@Wd@UTa@z@ONMFWEKEm@u@_@o@UW{@wAq@qAQSa@o@w@aA]k@eAiA[c@[m@ICOFGLBTLZd@l@|@tA\n@~@pA`@p@Th@p@~@Tl@j@TLL^n@f@h@FJOXOLWN}@pA,36
ik{bFt~dgVSXQQMa@sA}Bi@g@e@{@wB_Do@mAg@i@c@{@_AeAkAgBy@cAWi@mAqB]c@[m@w@aAc@u@g@oAy@_AcBaD}@}@g@gAgDkFSQyB{D_BeC]e@So@e@}@q@w@e@{@a@c@m@w@o@kA_@i@c@w@m@u@aCoDUMa@?UK{AuCyAyBo@mA_@i@MBk@b@cAPeAB_@Jk@XiBXiBfAu@No@@gBOq@?[D}@\OT[~@a@d@oAj@gBfAoBrA{AnAy@b@qDbCqAjA{A|@cDxBuApAqAhAgAlAaF`EcCnA_DxBy@`@_Aj@y@Vy@`@SBKCeAvAYf@sBtBqA~Ae@t@}@bCoAfFgAdD[j@u@j@a@d@cAxC}@t@Y\aBdAcAbAsA`A{BpBiAz@aAfAkA~Ai@bAcAhC[`A]n@eDlIeAzAm@n@G?m@eB@g@l@_Ah@sADF?FGVa@rA[h@}@v@g@Ry@DmBIwBk@m@KqA?gBVi@`@[f@yAlDk@hAm@~AaAvBk@|AYb@a@|@m@`A_A`Ac@R[XoEhAEDATdBjCb@b@tDhFl@`AN`@RZf@f@rAl@jAr@~@Zp@h@vBnAZJlCpAlBx@n@HtBjAzAp@lB^xBOx@W^Sr@w@dAeAp@cAbA{@`@e@t@c@t@WD?FHAl@BVHNDB`@ItAEjADjCYjBHdBAf@TpALHJF\G\BL`@SNo@Hi@JMLCf@JpBDVDxAE~@Dv@MhA?v@Bt@Jl@KtA?|@G|BHlDKdALd@Ub@CfA[lAi@`@I`A_@xAYz@CzARfAb@b@^p@Zn@p@p@b@~AlBPh@DZEj@CLQ|A@|@FdAZnA^r@l@r@Th@Hb@Dn@^b@PD`DoBj@CzBw@zBqAnBm@bCcAnAy@zCuA^SDOASsAyD?QJc@b@u@ZWrEiBbAk@jAi@h@]d@g@h@IdC_ADG?Ms@}BUmAMa@?QdBg@f@c@fASx@a@bAs@x@[~@o@nA_@lBqAj@g@^i@\_@fAoBbBeBr@gA|@}@r@_AbBkCbBkBp@oAdB}Ad@eAd@q@vAaBfAuA|AcBp@}@Vo@\_@^o@vBeCf@c@R_@@i@FU,38
yj{bF`~dgVVa@h@k@Ve@n@g@d@q@d@g@Ra@tAaBRQt@gALWLOd@a@~@yArAiBnAyAb@q@t@_Af@i@vAcBV_@VWd@o@d@_@`@s@z@eAf@u@pAwAdAqAdA_Bp@w@dAaBp@o@^k@j@q@R]dAsAdAiAl@{@\[T[TSbBuBJC^@LKb@}@fCgDd@cABENEv@?|@BbDGnBBpAEd@Br@AXDR?bBCnAFzACXEbCAvABh@DpAAh@BdAErA?xATtAp@t@XTRJTDNDj@Ab@Ez@A~@IrA?jBEp@SdAMlBO~ASbACDG@AIDENHtAnAp@r@VRHBJ^GXCb@B`AC|@BlBDr@Nr@JJNFd@ErAA`BMfEBJ@TPLB\?^ID@BFB\Gt@CnAG`AAPBb@PF^HLAVEhAE`ADL@JLDL@NNHd@?p@ChBFv@CD@DLQfDBn@GxCBfAIhBLjC?l@Bd@Cx@DrDCn@B~@AzCEj@Ah@DpACp@BZ?\Aj@ELG@{CMuBBs@Au@DiAC{@B}AAk@BiAEYB{ACy@B]E_@@QCa@@MCWKWDYJ}@LsADy@ASIFEDB?H?FEBiACWCy@AGAc@@kB?s@HkAISEEMCQFi@FyACqBBiECy@BeBCkBAYEOEEYKYAiBDiB?uAD}BIe@@e@Fw@A_@Ei@BIEAEDW?_@Ey@CUQKOCc@Ao@D_BCkABm@C[@UCIS?i@Ge@@}DC_B?]ASMKm@Yi@k@Yc@aAqAo@cA}AiBq@mAw@iA]]MGOQ{AeCyAqBg@k@w@}AYc@iAuAEAC@MNOX]f@s@v@KFS?MBg@`@_BpBi@l@kAfBMNWPw@hAiApAk@fAc@hAm@x@a@`AKFc@Jk@AQBKDQ@_AgAgAgBM[IGKBIHi@n@s@d@gAlAKTa@h@M\s@|@U^_@`@q@|@o@n@a@f@U^w@v@u@dA?VNZvAxBhApBLHNIJO,40
wj{bFf~dgVTOZg@`@e@JMPa@n@o@XUhAkBhAuATa@`AiAt@s@tAiBDMM_@OYi@s@q@gAc@i@{@wASSMSCOCm@G[c@o@_AcAs@iASa@CMHWTS^g@bA}AlBwBNUf@i@lBaCz@wAn@u@FO?UQ_@e@y@g@q@Wa@[o@W[Qa@AMf@a@r@q@T_@X[Xk@~@}@f@q@^q@r@{@t@u@d@w@t@aAv@{@bAqANKREDEDOKaACm@OaFEu@?wAI{@DoBIsA?gCGiA?o@CWAmAG_AMe@Fw@@k@C}@DgAMwC?_@Gk@EqBQuA?_@F]@a@B}AGiA@{@CqAIqC?qAEgAQs@g@kAa@kAi@kAWcA@ONj@HBNMV_@NMPK^M|@e@`@Mp@m@Zu@Hw@LY|@aBX{@h@i@HQF]T]^_@F?PfAVr@ALULc@JS@BMt@g@fAkAPi@Xs@F]DEd@GBB@Ii@qCOk@?IDMHIVIHSEICCE@m@n@GV?RTx@Tl@JL@Ot@w@E][PG@HGFOGCCE@OBGLOd@e@`@q@TYx@UPOVc@f@q@Xq@^W^QjAYf@Dd@J^?~@WTCp@@PEl@a@|@GBDILq@ZYXCREr@E@@DJHD?LGXYVOv@ULKr@cAr@g@n@KjCAbA[TSR]RK|@C~@SjFm@XG|@[v@G`@OD@FDBT?`AKvAAtAMtBCjA@b@EzA@bACp@B`@CdAHr@CxA@nAEz@?f@_@dC@lBEp@AnCKHQ@kAGy@@oAPg@BaAdAiA|@u@r@MTIt@OT_@Lu@Ls@Xo@h@}@~@SJc@b@k@TUVMFST_AVWBqC@k@EMFg@@Il@@l@E^Fr@BvAHv@FjA?tAGd@Hl@BjAJbACl@?f@HzA?^IpABnAE`B@lBJdDH~@DjE?~@DnAHrEDr@?r@JpDFpG?`BEPM^g@|@u@p@EJYt@Yd@s@|@_@ZKXW\u@n@c@j@eA~Ak@fAoBvA}A|BaA`AcAtAs@x@O^OR_Ax@gBzBkA~As@|@cDxE}@p@}@hAa@Zg@l@aA|Ae@j@{@rAeAfA]n@M^OTaCdCe@z@_Ar@_@j@,42
kqybFbzegVHPVlA|@tCHn@f@jB@d@E~A?fBJlBCxBBnBBXDBZ?f@EbAArAFpCAD@X\BD@PCvBK|@Cb@BLFHl@b@|B~@LBDANM\c@Na@F]J}AEy@Qu@A{@FMJALRBr@Az@@rAGhB?fA@NLRDXNrD?zCCdAOpBK|@QnBCz@CLEBG@IMAKFkBGe@GUIOq@k@q@aAOYWs@OKYGoAAy@DWAw@BcCG_@BM@OFSNc@bAE\CvADlAJb@l@x@A\CDG?QEVlCBz@Ez@?z@A\BPEv@?hCE~ADfDE|C?h@BP@`@GnBBp@Cr@DjAJHH@f@B^Af@?`@CnA@tACf@EFMB[HCF@J`@DDVF~@Fd@AlBONEDELCv@DFCGkA@qAEOAS@oAIgAHw@JITCr@PXJZ?XDrAA^IzACRBfB^P@LA`@KlAKLLRr@VJXBRRZbAFl@@vAKh@MLa@SSCM?s@Ns@`@YFUHy@NQ?aAk@_@Gm@AaCHoBAg@DI?c@MMC]Fo@CyADOBWJ_@Ec@@y@Eq@D}@CeBJWCk@@y@?s@Bm@Cq@@e@EwBFQA_@Bk@Co@HyAGe@O{@KECCMA_A]cBE{@?gCD{ACuG@{@AqDBoAE}CJyCIcAGeB@iCC{ABeBM{@A{ANcC@]Ey@DiABcCOyAUy@K{@K[yAoCcAkA[m@iA}A@MFElAg@r@c@^MlAy@dAc@JKFQHg@FMpAi@XSl@Ur@a@RMLYAIMWa@]i@s@o@gAcAs@o@{@e@}@QOS]q@y@Wa@c@c@k@aAMBMLU`@OXi@x@KDKIc@m@]m@Ug@}@sAqA}A?KHSnA_Bb@e@nA{ATMJ?h@v@`@n@N\v@jAh@~@h@l@FLMPe@\q@x@U\oA`Bm@z@Q^g@b@QXc@`@IBSMc@u@UUeBmAs@k@[OWUi@w@g@i@}@gBOSgAmAu@iA_@UOQeAsB[[m@[OCG@i@p@_@n@m@p@,43
qj{bF~}dgVn@q@r@kAt@s@x@iA|@_AXi@h@e@p@cATQLQfAeA`AqALCLJBSLYx@{@`BwBr@w@d@w@RQx@eAPOr@}@Ra@dAyAt@y@z@oApAwA|@{AvBkCh@YxAoB|@{AvBaCbAyA^]~AyBb@y@jAeAfAaBf@eAp@y@j@a@n@Gn@Y|BAbAKb@BXKFQ@]G{ACmCBwAIw@@Wj@Q~@HtBQjB?r@Bj@Kz@AfAM\FrA?jBMrBAHABGFi@b@WF?bADjBXr@BnB@`AI`AA`ADl@?`AKZLxAA|AFl@Ax@IrAEfBJh@KJN^BTKPC|DBdAFn@U|@CRGX[PYn@aBDq@\Sf@_AFUI]c@_Aa@gAmAwBQWSOg@SQA_@LMf@M|@CFQFq@?m@Hq@EsB@cAD_@EyC@e@GIKIYDiAAaAHsCGkCB}@FIVMx@k@r@a@Z[z@_@z@_Aj@s@jCeB~@m@tAk@lB_BVIXUVItAy@b@OfCsBtBmAjBmAdAcAzAo@pAcAlAa@LKTa@ZQxAgAPWdAi@bAqAxCwB`BmBAPLGj@aB|@kAlAkAlAyAt@g@vAuA|@u@h@YXIh@h@p@Rd@h@v@~Ap@dANj@Vp@LlANf@z@dBRp@dAlBJ\`@x@VtAv@jBLhAXjAf@vAV`@ZdAFxA?lBJdB@`@H|@k@t@YTeA^w@H{DCo@HsA@kBRu@?aCLs@RMTEp@@^NfB@~@LbABr@BfDCn@@d@Cb@B`AAb@@\FZ@j@CnDQbBShACb@FbC@fAFt@BfCBTErABvAALIFqABoBIeABs@EuAJi@KsAEc@H{BF}CAa@DqCAa@Dy@I{C@kDGc@EwANmAE}DD{ARaAGgBJu@OcJDWE_@[MSOg@Gw@?i@?qDKi@Ci@G]GMMIwADaCIOBg@TO@aCO_@DWRGPKDe@c@{AKaAFwDCuAFqAE{@Lm@GeD^IDCFCb@Hz@Bt@M`AAv@Jz@?tAIh@KF{BDKDKNc@NcAKoAi@{@IcB?y@Ba@J}@C_AJiBEo@FSE{@BMZy@hDqJ~LKF_@j@wBhCg@|@mAjAuB~BgAjB[\Ib@aAx@oAfBo@l@qC~Do@v@m@d@}AvBgCzCKFOQM?MPeAxAy@zAeAhAwAlBq@nAyAbBs@r@a@x@,44
oj{bF~}dgV`@i@LE\ERM^_@T_@JARL\h@|@vBNPTHBDBDCFr@lAhBlCPf@`Az@T^nA~CZrAFf@b@dAdAlAPd@Vb@Nb@PVfAnAb@n@PFRRj@r@\p@L@l@Kz@]lA]jAk@b@OnBeA\[z@g@v@_@x@[NKLSDSCYKWc@]i@k@_A_BoBcCWg@@KGMo@qAo@c@aBwBI@WZm@bAk@t@iApAc@t@KDKEa@aAU_@g@u@uAiBY[a@m@BQjAgAnBiC\_@LGLBZ`@Rt@LV~@tA`@f@bAvADN?TMTc@X?Eg@h@QT_AdA[`@QZEDIAeAmBg@m@}BcDQ[AIBKd@YlAcAdByBRSDAHBV^b@x@`@h@t@rAb@n@PRJFD?BLCTBFAHMTW\s@n@]f@EVC^[Zc@\]ZSd@_@f@[X{AfB_@\W^[X]b@a@\U^OHM?GCGIm@kAU]a@q@q@}@GMOOO]GW@SHOl@{@f@a@V[PY~@iB?Ld@sAp@w@rA_A~@mAz@qAb@e@Xg@BCF?D?JH`@|@v@rAh@n@JXPXh@n@Vd@BNIDMp@EBITUXeA`AI?[^IDICmAy@OMe@o@i@e@}@_Ay@iACIBIh@_@Z[fC_DPYHGFBTVvBnDpAlBP`@GTEHaBnAs@dA}@bAK@k@aA_@c@aAaByAiBMKQKICS@[^[RYX[d@[r@EDE?MCQ_@[g@a@q@g@iASSaAqAo@kAy@iAq@{AMCc@b@a@D]Vs@x@a@z@KH,46
sj{bFl~dgVDAPWb@ENGt@_AXWBAN@XRp@`BDFZNPPh@`ARTb@`@Vb@z@bAv@rARRv@bA\\p@j@r@h@jBxAx@v@Z^r@nA\b@x@~Af@l@b@v@^^t@bAp@j@H@DA`BiAl@Uv@i@pAm@hAq@f@a@d@SHQD_@COKQcAmAkAiBsA_Bq@mAu@aAQ[_BqBYISH}@pAg@f@oAdBWXMHE?MMg@}@u@}@[i@q@y@}@yACM@Gp@i@b@c@hCcDLGF@FFNd@V^Zh@TVb@x@d@r@r@x@HN?FIVqBzBsApBMDGAECw@wAi@y@sCuDCa@FY|@aABIAMKUyAgBcAaBoCwDo@gAUYKWHOlBsBHORUTa@YSUc@e@o@g@{@Y[y@wA{AmBIKOG_@AOAMIQYEAOFQTo@rAsA~Ai@t@IFOGKY_@q@MYc@q@UYMAm@t@}@pAc@d@kA|Ay@~@KRONw@fAGN?TDPl@l@Zj@`@^~AhCJH^l@DBF?DEnBuB^m@LGJ?LBp@dAZ^BHDXJZ^r@TVP`@GN[^Wb@YZGPOR,47
ck{bFv~dgVIJKDMAKK{@gBu@aA{@{Aa@i@e@g@OYSUU_@u@cA]YS_@]g@S_@a@cA[_@Yc@]a@SOaAkAGW?QOYu@m@a@s@e@iAkAsAUi@s@kAi@yAw@cAYg@e@i@m@cAoAiBaAgBgA{AgAoBg@q@_BqCUi@a@o@aAmAi@aAUS{AcCqCaEsBmDoByCw@wA]c@w@yA{@oAgC_ECUE?ANBFnCnENRNDHAf@eA^k@NS~@w@`BcCtAgAr@s@HQb@eADQ\mD\kBHSXg@~@y@hAm@^_@XSt@U\G^OPMXYrAsBh@c@|@Uv@K\S^Ob@Wb@_@p@w@h@_A\e@n@g@RKp@SRC\A\Dd@GjAv@jDfAj@Jb@N\RXDb@Gd@OpAWrAm@\SX]hBcBv@qALOt@i@TWf@y@`@YCg@Ke@AQHUPMBG@[Ig@DOHMNKn@U|@If@KPKz@w@bAUh@ETGXSr@s@HSVaAJQLITIX@b@HJ?TIjAu@Va@XWpAw@r@Qv@o@LSHYNq@CG@OLi@dAuBJKl@_@Za@LMj@WZWDSAe@Pq@Vi@BMCWBWJ]R_@Ba@BEp@k@JJJRAVMPEANMBEKMLQ\W^_@f@y@JIp@Mz@cATe@RYf@g@XSf@Qj@EVBNHRFx@@NLTf@^d@@FCLKTc@j@iAb@y@h@m@Dq@^MT?H\`@@HAFY\iAbA[PKCI?SJGFGN?NHTADW^UPBJ^ZLZTRDJr@|BFRAPOPiAb@cAp@c@VKRAZCJKNOLWFWNQN]Re@^[L{@r@g@\_@l@BTPTz@fC?JAHGDYNKBORRjCArABhAAdASHm@EaA@_@V_@JwB@IDGHEN?xBExAF~B@PNp@JHB^Eh@GN_@ZQVCVA^L~DFdAAdBC|@NbAJVEv@Bp@Md@G^AlAFpAJ|@@vATlDDdAF~CAx@GRc@p@i@l@s@dAu@r@_ArAWb@q@n@cBtBg@d@w@nAc@j@[j@EJA~@C^BN`@b@d@~@lA`BlCjE|BdDd@x@@J?PKXkAtAc@t@K^EF{BfCuCvDcBlBCNJd@@`@F\\j@j@t@`AxA@FALIJGB[b@o@f@UZQLa@f@cB`CgC~C]h@S^y@`Ag@z@,48
ak{bFh~dgVvCkDFMAI}@qAqA}A]s@sAgBu@sAi@e@gAyAcAyBcAmAS]Qk@kAaBEYJMTE^Y|AcCjCwCxDyEf@w@dAcAx@wAt@w@r@gA|AaBdC{DdB_BbBcCf@e@t@qBp@kA\_@t@a@dAmADSQm@?QhBsBLy@YqN?eDO_D@u@MiG?mBQ}CBu@Cs@r@a@BSAi@QsAkA}AGi@`AGPq@Bc@O{KKgACyA_C_GeAaDKw@k@eAc@{AKSq@m@Ui@OeA]oAk@{@[eAs@{Aq@iC_AkBuAoDy@_BIcA?OLWvAaA^c@Ti@PSfAy@dFoBxAgBLc@?{AOs@]_AMiAB[WiD{@eBBy@?}@u@kBWgA_@c@UEsAv@aBvAODMIKy@@kCaA_EYs@@IPUfB}@tAiAfAo@P_@@YQi@k@s@u@yAw@oCOUEaAgA}BIu@Qk@_@y@c@k@Oe@ZeAF_@Aa@f@qAhAOfAi@dA]lEeDHgAAk@u@mBe@{AAOFU\c@pAw@lAcCb@_@BUES}@uBw@b@{Ap@{CdByAhAu@~@_@NUTyBhAi@b@}@d@{DtCs@r@yG~DkCxBkBjA[\m@VaBlAoBfAILAPb@~A@d@Op@eA|@cAf@gClB}@f@qApAs@d@qBbA}BtAkGlEsCxB_ALqEtDu@\g@h@{A~@cBxA{@C_AVmCzA]b@s@b@e@f@a@n@CPHh@b@rAp@pAh@hBf@nA@FMJAPT|@|@pBHd@~B`HpAjD`@n@Pt@j@rAvA~Bd@hBdAtCd@nBbAbB|@hD^`AlA~A\`AP`Ah@x@XlBIPyBbA}CtBeBtACL\d@GXcA^cAp@_Bx@wA`AqApAAFP\\X\j@l@n@`@VT~@l@dAb@lA\l@HZnBpDFVI`@hBlDBNm@dAUn@e@t@G\kBjBs@d@a@x@eB|@SPEVNf@jAzBpAvBbAtAfA`C~BnCjChEl@v@xBbDxApCPNRr@bC`DnAbCpBrCZp@`AnAZt@t@`AlBlDd@n@j@hAf@r@nA`CjAhBdAv@r@zA~@pAnAdCn@v@v@tAz@x@h@bAdBvC^\F@CI^@d@j@P`@JD`B{A@Fj@Wv@Dr@b@`@v@Lf@f@l@HXi@nBY\,49
ak{bFb~dgVNCb@u@bBeB@g@kBkCu@q@w@cBo@}@i@c@sB_DyB{Du@u@mAoBG}@XeAdBuBBQq@}@s@qAUw@gDqFgA_Bk@i@uAsBa@mA?SJSjAgApAyAHW@Q]_AqBoBQg@`CuB^kAkCqDsD}GAYVW?WSa@q@w@{DwGaAqAmAaCiCoDa@uAg@cAOeAd@cAn@u@`DeB`CgDvBoAlByCzAeAdCGxB`AdE`A|@`@pDo@nAs@~BiBrAkBdAy@rAoBFMAu@Qy@VqAVc@xAc@jAGzAoAbAQvAwAz@kA`Ai@jAJ`A[x@oAdCuAx@w@T]Od@GWG@HH|BgGXmA~@y@j@Un@tBATu@Rc@APe@dBcAn@{ArA{Ab@}Bb@k@JsAn@e@xCiEt@q@JIV@HJ|BG|@b@`@CHYA_@iA{Es@wAgAUSm@kAn@oAhAy@`@sAlAi@Vo@fA{@T[AiA{Ai@sA}@m@Oo@KeB_@m@o@aB[]Vy@nAw@d@_A`As@GeCb@iAX[dFmDdB}@nBsBhB_A|AkAvC}CfJkFfDoDn@_@?ScAwBgBeFOAm@^eCrBmAn@Ib@Vh@?`@e@b@}At@oCtB?XT|@GRkA\gAhAmCzAiBbBm@Rc@h@{FjDeCjBeDdBkAjBm@VgDrCgBx@OSC_BHs@Iy@Qw@g@aAC}@[kAE{@_@uA{@cB_BiEeAaEKO[@o@Vm@f@U\Kf@z@zDb@lAHpCO|@Fz@s@bAs@\e@f@[[UAsBrAaC^O\At@M~@p@jD`BdFCRQP?`@dCxEr@jB`@`B\l@z@~Cl@`BWnBgAjB_EvCCPHTp@hAFf@Eb@q@hAcBr@OZ?R\x@p@z@JdA^~AbBhEXBx@QxBeBdAnC@P}AVsAt@w@tBBZIbAMp@@|@k@j@e@x@aAl@s@nAw@v@cAl@i@t@gA`@wDr@aAm@{@OcGqBqAGuAf@iDhE{BzAcAfBoAnAqAj@gBHwAb@mAhAuAz@a@j@c@|Ay@vFaBpEs@pAYlAuBvAqA?k@n@Sd@APLXfCbDlA~Bz@fA\v@vCrE`ClDl@b@~AbDv@`Ad@jAlA`B|EhItEbHx@~AZXrAzCjCrD\r@n@r@^t@~FdIhDpFhDpEdAnBNFJI,51
kk{bF`~dgV?ROPIBOMw@oBuBsCm@oAw@s@eCoDO_@g@e@m@cAa@c@qBcD_@y@g@a@_@e@eBqCu@{Ay@wAa@k@aAqBg@i@aCmDgJkOq@oA}@kAi@_Ae@g@gEoGuE}HwDaGWc@AWlA{Al@i@FOCGOG_AHm@Nc@l@q@p@kAZy@l@aAd@iB\oCtAs@Jw@Eq@L}DzAKJ_@|@UXcCvA_BjAaBz@gA|@oAx@QVsD|BoCrBsAfAcAj@_IlH}DtC{BpALMI?oBtAaD`BuA`@c@[Qv@Ut@o@z@yArAaAvAw@z@]l@GLBJt@iAa@j@}@jBiBlGi@xAo@rAuA~AgAvCq@p@aCfByDjDsB~AsCvC}@`BoAhCuBzFoBvEWb@aBhBG?_@a@Yu@E_@bAoAp@qAKr@o@~Ai@l@w@`@u@J{AEeAWu@_@cAMeBJuAVWJq@t@i@bAkAdDgAbCy@xAi@jBkBdD_@b@aChB{CdAuAZw@B_@GWQ}CiDeA}AaDsDsBmAyBe@a@CuENaBRmB`@yAf@wA|@kBhBgCfEu@|@XKRSxB_DHS[Ru@dA}@`Bx@}@jAoBjBqBz@m@pCkAr@ShAUnCQdBSp@@pAPlBx@hCxBhChD|B|BV^p@j@zAHzAU~@SbCgAbB}Af@k@b@_ArAuBnBoF|BeFj@aA\c@VSj@UfBObAApAXVj@r@KnAHjAIr@Yj@k@f@eATcABYCMICMNw@|Aa@l@EPx@lBJJNAt@y@jB{CxAkEb@cAvAcEnC{DjBgBzAeAp@i@j@q@l@[~AcBbDwCVc@`AmCr@cAd@c@h@iAX{@Zo@dAsEd@gAfAgBtAsAdBwBl@cA^c@TI`@RJSJc@b@c@vDkB~AmAv@]fF_D`A_At@aAn@e@p@w@|@o@~AyA`FaDbBsAbAi@`BsArBoAb@_@bEsCpBiAX[h@}@l@e@vBcAzB@j@Oz@a@~@s@lB]tAeAl@Wt@aAn@m@p@[`BEJDNVy@p@e@z@Ut@N^b@h@nAlBf@`AlAbBXh@|FdJ~@bBXTJKjDjGXl@rFpIzCjFjCbEpBtD`AvAvAzAd@r@n@~Al@hAXVd@|@tAlBhArAz@~Ap@x@fAdBl@v@h@ZNt@j@|@fA~@r@tAJBRO,53
kk{bFd~dgVJB~@S^Wb@o@^]`@EVPR\v@lBTTh@fAv@hAPb@t@v@f@t@\Z`@Hb@IlBwCTOPCXRdA~A`BrBx@jALLLEbBeCnByBDKK[yBsCYy@}@sAYq@w@gAgAmBo@k@aAmAWU[i@uBkCiBgDg@o@a@w@g@k@]q@u@aA]UUWWQw@aAy@q@Oc@GcAIg@KKo@]UWCO?o@Ge@SY[INk@X]H}AJUZc@ROFAx@mAd@]TUJS@Ib@aACEPYhB}@PONY@Qd@i@Xk@RQh@{@h@gAd@a@t@a@b@a@f@}@Ja@Ta@JGPEHDDG\qAp@q@b@_AX]HQHm@Na@d@{@^a@LW@a@MiEDs@CuBQ}AEaA@}CScFGsC?aBJ}AIcAIc@Ci@CuAHk@AWG}@SuALoB?qAUiE?sBGaFKs@_@iAUe@c@_BqAmD]iA@WCUi@eABKSa@}@iAQg@FEAKOw@KWi@{@YaAMQMYo@iA_@qA?Gm@cCQoBQ}@]}@i@iA]_Ak@Ac@J[@m@Q_@Ay@T]Vc@f@k@b@m@`@k@TSRWJ{@x@qAz@i@f@aCtAgAhAyAx@mA|@}@\WVyBpAm@n@Wd@YVu@ZoBlAa@PACWRa@h@e@\aAj@]Xu@^wA~@g@ToAz@]\q@^kA|@u@b@@SFOG[YAMe@MaAYo@WcAc@u@i@qAsAqBqA_Ec@q@}@sCq@qAYkAo@gA_@}AIOMEEFCRBVVh@f@rALRVlA?PgB|@{AjAi@RoDxBQZHf@Vd@j@t@N`Af@lA`@tATb@ENcA^c@VyB|Au@`@uB~AUX?b@MT_EhCmC`B]\AFDZ\n@d@hAfAdDtA`DRr@l@vAT|@~@~B^jAl@nAr@`AFPTTJRVlAh@pAT^bBtE^j@j@`Bl@xABJKMJTtArCvBjD^^N`@|@~AzAtBx@~At@jAtAjBb@z@x@lAt@rA|@jAVNHV|@dALj@V\HP~@fArB~Ch@|@\x@rBjDz@jAXh@b@f@pAxBJXvAhBZz@Zd@^v@vA~AzAzCh@~@tAfB\j@bBrBZl@fAxAZp@|@|A~@hAj@fAn@l@~@jAzAjCFDHIJS,54
ak{bFh~dgVFAJGT]TOh@STEh@g@LAl@j@d@LLJ\p@f@v@DNLPP`@f@x@^b@\p@x@v@^f@LFJ?n@k@X_@LYj@s@`Ai@LKfBeC`AkAV_@DEHAJFRXz@zAh@z@Z\|@~AXV?FEPSZo@f@{AhBc@\]`@EAOQ{AgCcAkAcAaBAODOf@a@b@i@\[lBaCJ_@Vc@@IGO]Wm@w@]i@kA_BCFO_@C?g@o@o@eAaAiAo@gAGO?K@IfA}@`AiAhAyAr@eAh@g@h@y@h@m@R]TYZm@n@k@^YX_@FC@@TMRSHUH]~@kAVe@v@w@t@mATe@r@}@DE`@KXa@Ra@D_@Te@t@_AFSLUh@g@\_@d@}@NSj@k@xAcBv@m@^g@VUf@w@\u@^o@J[`@c@TI|@GlBg@`AEhBZNNRHPNLRDL^VFNDZEHDf@Eh@IhCAnBD`DGxCJhBAlABp@G~A@|@Dl@BrBEb@ExBCPGLMJKIG@EH?|@Fz@Cb@@dAEh@@~@B^C^GDOBc@?k@G{@GwAa@mAq@II_@y@c@m@a@s@iAuAABc@e@}@qAQOQAYFGMGAGBQLc@f@IPQPIHALR~@d@v@J\b@t@d@j@LZ\PTj@ZXVb@RR^f@l@n@VJJHFNJj@Fz@Nx@B`@Af@BdA?`@GdBBxBEv@@j@?j@B`@ItHH~BCbADjCAx@IRGA_@B_@Im@?k@E_@GcBGw@Li@@SEgAA_@FKFK@EIOs@MOKSm@y@ISQWYWaAsAUe@YaAWYo@c@g@c@SU[i@OMc@WSCSFSRs@`Ao@dAqA`BiBzCMJCAq@}@kAiAcAe@oBmBWMUEe@c@GIUi@UW[g@[o@WY_@k@k@aAq@aAg@]IOM]MO]Ok@K]JKJQ`@{@rA,55
ak{bFh~dgVN?pAgBx@mA?Sq@gAk@i@i@u@gA}Bk@q@gBcDeAmAe@Ym@}Aw@mAe@e@Ws@o@q@CYt@o@Fc@Ku@Zm@d@k@z@k@zCyCpAmBfAgAnAuB|A_BzAaCPSRDf@a@rB{Cv@i@dCoD\w@t@_A`@_@bAyAdBaB|@aCh@_Av@o@Pi@Gk@BaAK}@McFC{FMwDSuK?{AHk@Ag@Fu@Cy@SsD?YBPAi@S_CEaEOaBEcHQY_@MyBKWcA?[^a@fAi@FQCQmA{BM?Wf@e@N?L|AHbAm@^k@f@a@vAo@h@KpAw@\m@MNZaABWj@uARw@h@aAFCJo@Xa@DCl@j@^x@@Pe@Ns@FOGJSv@a@|A}Bp@yBJMPoAbAcB^eAC\lBgBZc@`@_Ax@}@hAi@d@?fA\lAi@tAHh@YlAWDBQVw@PFBi@zABq@IkAc@eBoAs@EE@KiAuCUWSCSDe@f@sA`@uAz@gDjCi@Xe@j@[Am@]qAeDa@i@[}@w@gE_A_A_BkBImAYmAoAeBY{A[m@YcAc@wBMWG?m@gBcBgCk@oBe@iDQ[ASa@gAwAiCg@s@s@cCcAcCw@mCs@{AcAqCcAoDiAiCmAmEc@mA@KGCGU@g@Zm@lA_A~A{@vFaFvA]nBmB|AaArB_AxB}BvBuABECYw@qBi@{BY[k@Q}@@_E|@aBjAcA`A_@h@aDhCcAh@eDhCqDrBu@v@eAt@_Bx@mD~Bg@h@ThA`@v@|@dCFv@`@zAzDjJ|@lB\`BnAxCZfAj@dA@NKl@Ad@Oh@^v@TfA|@|BXhAd@`Af@TRj@rAnCHt@DbCLt@TL~Au@|BuAPN\`Ab@vDh@nAH`@d@~Gn@`DbB|Cl@rC\vDj@bAhAlCrAfEAb@g@bAOvA{@hAANPdA@jBjArD\`@`@xAz@vB\fBDzAL~@CVQTyBjAcC`BMXJ|AA~FJrEC\Yb@GZNxEItAJnCRlBB|EG`APlB?pANrEGvGXjCDbDKr@wAnB?TNf@ELeDxDEPDTr@fAtBlCxA~Bl@r@HRCl@~@`Ap@`A|@vBd@l@xApAl@dANFVKFNm@l@i@|@u@Vi@d@yCzDmBvCsBfCeDvDwCfEo@l@sCfEqBpB{FpH_@r@_@\,56
ik{bFl~dgVt@w@n@Wz@y@TGND\b@dAvBn@|@xAnCr@j@Rn@j@r@PEp@s@x@e@pAcAXIVD`AhB`@lAf@Zd@f@x@nAb@dArAdBdAjB~AbCxAxA`@NBFEj@m@TcKfFUB]c@y@G}DaGo@{@MESNa@v@}@`AkAdBa@^O?g@e@a@_AqB_Dq@m@]NqAlB_@Bw@{AyAmBe@a@s@}AwCwD_@o@KAsBlC}@bBe@ZeBzBi@b@EZa@Rc@~@[TuDfFa@^Md@bAj@b@t@PjAb@zA~@xE^~@xAjFTbADl@JT@RMVeBp@MGO]w@}D_AoDa@kA_B}G[}@i@y@g@Qk@A{EuBwBm@GAKLWhA[FGKJyBAUOSUGaAHqASo@Y{C_CeB_AaAOwA@i@FqAp@{@r@QZANJNvEhDp@p@nAx@Tj@fBfGJt@d@lBB\Af@AMc@z@_Ax@k@JeCxBA`B@x@Ef@HbAKzAM\o@n@Id@BPG`@i@v@UP@n@{Al@m@AoAh@Oq@[gAs@@OTEjAJz@h@|BZ^l@EXV\DHrAn@xB@jAd@f@l@~AZ?l@UPHDn@Vh@O\m@l@EP?b@OBq@l@O`@Ef@NvA?bAVDLSTGl@VHC]uAAm@SmA`DeAhAkAxDiBzB{@`D_Bp@o@nCmAJ?JJ^vCf@`ANDtAy@pEuBh@_@x@S`EsBdBi@hAMrDRnFOPi@b@aA?cJGoB@MNMnALl@Vr@|@p@`BLbAIbD@lBXfAJL~@ZzHAZJ?n@]dAIt@Rx@Hz@?pAG^NtAGrBBZnBVfAQ~@JfDg@~A?d@FdAE`BNd@EP]Le@V\d@BvBmAz@Or@Bp@It@DzCGjAKHk@CqCFwCEoCDoBOoBD}Ak@{BCw@JwDTwB?iAL}COcDQwARqHScBDcBKaD]}As@gB_@qBWS_@CIWAaAIYyBiD_BsBa@s@Uq@gAaBo@s@u@]e@c@yAyBa@y@kAeAi@_AOAULcD`Eu@bAFTX^f@`@pA~AdADj@t@JBVM~@uAjAkAKAeDdDNJ~CwDSAmBlBm@`@OZT?m@_A[UMFOd@SE{AmAa@w@m@q@Wo@q@o@oAiCaAiAi@{@Sg@Ce@KW{AaBWJ{@vAeAXcDhEe@f@,57
ak{bFn~dgVXQ^s@DEXIVQT_@TKZAF@XXFLt@~An@~@^|@tBxCh@l@FJBRNJNBDABGrAq@n@o@`@ONUJYF]BE`@c@~AuAfByBLID?JH~@nBb@h@Zl@\d@JTt@~@BVIHQJqAtAaApAYZOTKJCCSe@uBsCiBkCGSDIz@m@X]b@]x@wA`@i@ZW\FVAHD|@~AJHFCRWl@_A\c@XWh@u@ZU`@s@x@cAb@e@FCN@JHLTf@r@TPd@f@Xf@@?DCJJt@lAZn@t@|@\RDDt@xAx@bAPZH\CbAB^BxBDf@@bACxAC~@D|AA^BDPHF@~@K|AEhA?f@FfAEpCBfAGf@B^AHEDIBeCCg@SCmAF{B@u@C]@_@AQGEO?WB[C[?y@@c@H]@WCqE@iDCmA?q@B]?u@CuABs@Co@DkA?q@BsACGMKc@Qi@Y[]QISSaBsCyByCg@g@Uo@QY[]UQa@k@UUO]cA}Aq@_Ag@a@IMM_@k@o@[g@[WSe@Ks@AUBGr@]\]R_@JEDBHNFR~@bBh@n@PLZHrA`Cn@j@\TNP|AnCnAhBP`@j@p@TTtAnBjAjALTHF^VXHDHRNHDNAJUD[HkC?UEo@EQMK]KYOs@{@MWS[gBuBe@}@c@k@MIQ@_@VQVa@\QZaAbAg@|@cAhAa@h@Yb@]r@]^c@l@o@j@eA|Ac@d@}@pAo@j@mAtAe@ZUZ[^c@n@i@r@Yf@SXaBhBCPNd@Bh@HZJLHDJJXb@lBhDRTFN?NEJi@\}AtB}@dAcAlBuBhCw@v@MHM@MOa@wAUsAe@mAMU[aAYa@WMO?GD_@x@GTS\y@fAOJGAKM[u@QUWi@IKM]_AaAISG]e@q@KMMGOOYi@c@i@y@e@m@i@GM?OJU,58
ek{bFd~dgV?LUTM@QAMOSq@g@eAc@m@_@a@g@y@QOi@gAg@gAk@gBQSIA_@e@u@c@KAc@o@c@{@k@q@a@u@q@_ASe@OYi@q@Yg@_@i@Q_@Yc@Y[c@q@e@cAUQs@{@Ue@e@qA[c@@BGACC@Ag@g@i@iAkAeBs@oAu@{@_A}AIUS]k@q@cB{Cc@gA_@g@YY]o@_@i@QOC?c@o@_AcBq@y@sA{B}AaCy@}As@aAgAmBq@aAUg@]e@Sa@@OFK^_@nAgB@KEGO?iAJQDOHo@|@YTKNSF]@]FgCxA{@F]H[Pm@j@m@T[P]FUAWC[Ai@HkAb@qAr@g@^a@l@KHeCrAoA~@}A~@eBxA}A~@FDKHg@X_@XcAh@s@f@o@h@w@f@uB|AaAl@aBdBkB`BeB`BuCtBu@^o@d@yAr@qBxAiBfA}@Vi@TG@QUEJHAk@z@}@|@c@l@q@r@qA`BaAbAOXERWl@a@nASz@]lAm@bCaA|Bk@x@a@\c@h@Up@Ot@Yh@YZuAjAQTqCtBu@d@a@d@eA`As@h@qBhBaAtA_AbBO^y@jCc@|@Md@Ud@Qj@e@~@]|@W\[n@q@bAq@v@MJG?KQSu@Qg@CSBKdAgAb@}@G?q@~Ai@v@GRJX\p@N^FHF@J?`@]hAeBl@oAR_@X{@hAoCd@{Af@qAj@mAbA{A\m@\_@Va@hAuAbBeAlAgAz@k@~BwBx@o@\e@t@g@HK\oA?INe@Xg@RYL[|@eAf@_ATg@v@aCXmA^mApAoC`@k@dAoAj@e@b@g@\q@b@i@^_@NEDDBVKVrCqDzAi@fBy@x@k@`@Q~@s@,59
ek{bFd~dgVL?f@q@Zk@nDmEp@e@Vg@AOFWr@aAjBiBf@GZ[p@^n@l@bAtBbB~B\n@l@l@ZPtA`Bt@jAfDpEVh@BVELeCbCkA`BQH{EkHUc@DQtCyC?EdA{AEc@o@cAA_@DCa@u@uBqCq@qAo@o@iAsBi@mAc@[s@aAk@k@kA{BmA{Aq@mAkAmAqAkBBQjAkAb@q@z@_Ah@}@dDeE`A{@nA}AJYI_@o@y@w@aBmAkBAQ\e@HoALUl@e@j@m@f@w@fBsBbCiD~CwDTa@FWCmAAmCGwADk@SmHCwHMuEE{B@eAMkFFoCQcCMo@GsAIuIDuA?aASeAuCqGWAQX_@TIRrAJnA]LIl@eAbB}@t@Sr@m@JSR{@\y@Hu@^u@ZmAb@m@Tg@r@}@CYgCqGQU_@QQUu@cD{@uBUy@{AgDKe@G_B@g@w@oA]aAOo@i@u@g@kAMq@Wo@Ic@@cFMm@g@_AQiA@e@E]mAmDmB_FgAcEQc@OKkA^e@U}@gDsAaEGOMGS@k@n@{DrCkEfCkAx@sAf@_@x@_@ZCLJj@|A`En@nATr@Fn@[T?Xb@n@rAxCRJ^EJDZ|Az@nCFz@X\tAtCNb@Bj@j@jAf@xBFl@AHG??PJPSd@u@l@gBbAwCzAiCjB{@f@INJh@hArC^tAj@x@l@`BCb@Mn@D_@IPAd@~@jAz@xB^r@T`ALnBVx@J~@TdAV^b@Z`@z@bAl@JLVx@NvANr@B\CZc@dAR~@NvAcBrB}@r@w@nAcBvAm@t@oBv@wCb@s@c@mAQuAGoBe@MKIk@k@Q_@Co@H}@Xw@d@kAnBkAjAk@\oCx@oAj@]\q@hAcAbAJLd@AFPm@x@o@xAC`@H`@bA~BtAvBjBfD~BjD\`AjBxBN^Dz@CZMZeCpC{ApBO`@@XGVuHbI{AhBa@n@GVH\VV|A`CnA|BxAvBf@`@|@jCVf@DAr@lARLVFd@h@j@nBETFt@HB\m@FDj@`Cf@lAFFv@?\ZV`@Vr@f@bAB?d@z@Zv@f@Vz@nAZfAhAjB\d@h@`@~A|Bb@Bh@f@z@`Bl@p@j@lAF`@b@Ph@f@Xh@N`@CHPT\XPA,62
gk{bFt~dgVSTYR_AfAgB~BKFK?SSCSm@}@wBoD]a@m@m@Ue@cA{Aw@_A[m@W_@KGM?QV[n@y@~DC\HL`@j@d@z@r@z@Zd@h@p@d@~@vAnBf@^d@h@BPBx@ALQVs@z@g@b@s@x@a@l@iAlAW\_@r@{AjBMAMIm@iAOOaA{A}@iAIEMAIFg@hASz@WzAQl@_@lBQn@UzAIVANHHf@JxAh@d@?\JpAfAL\Hd@xAjG?FMNoA\g@\]^q@Vg@XOPAHDPv@vBj@vBNfA?NEB}@FcAb@QPKFQGMk@Iq@_@eBc@yAeBkHEKMKK?MFa@h@_@Rg@RKPi@FkBx@e@HeD|Ag@ZM?YSOAe@XWJWASIKKM][iA]cB}@uDWs@Os@AORMx@Gn@OJST{@T]P?ZLVAj@WFMJa@JMJELP@XCHSR}@\m@HUCu@_@iA}@oBkAyBeBg@WMAKHi@pBgCrF{AfEg@hAk@~@{@x@ERDTJNd@ZbA\dANb@PTPR\Tj@h@rBf@~BDPFhAn@zB?PGTe@~@iB~@OXGZGHS@_@]S]OEQFKXAXNPx@@JHN`@t@|CFPJJ^JVGN@JNRJr@SNCHDFJXrA`@hAH`@h@fBTlAD`@JTARRJKPIFCJEb@Dt@CLUP]JGJAJHt@Kr@?PPf@Vd@Jj@Rh@JDLA~@e@rA[l@e@xA_@^[d@UDCDQIa@e@wAe@sBm@uBBQn@i@@WK}@Ui@_@a@YG_@AIIKYw@gDq@}BBIDGn@M`@UHKNg@JIXEBG@KYkAq@wAAk@KiA_AcDGYG_A?QBGPQr@O~@_@p@ETGh@]b@QxAiAd@U\]pBw@`Ao@`CiAd@Qb@_@L@BBJf@LVFFRBLGdA{AJKLAT\Pf@ZPVz@h@NBEAECDVWd@Qh@[vAe@VOj@Bl@PCDD@RELOR[FYnAk@FIBUOq@?KBKZWHQ@YC]q@}BM{@YiAi@_Bw@kAAI@Mp@y@n@i@r@w@r@o@\m@bB}Al@aBN[V[f@]T]HYDk@FOt@y@v@kA~BmCVm@@IGO@a@LECMHWf@q@PEJQZUBQCMPMMeA]y@{@wAKCUVkAPSFWTa@h@Wz@^t@z@|@Vd@ZZl@nANDJM,64
{j{bFf~dgVn@Qr@]JKHQZc@LGL@JHTn@f@h@`B~BrA~BXZTFHHrAtARLLADEb@kANU\]R]TM`@MNAFB|AnCrApBr@`AHHD?FG`@o@nA_B|A{ALU@GAQkA_By@uAkAaBMU_@_@E?OJ_@n@y@bAs@fAaAbAGRAL@FDFp@f@n@t@pAhBt@~@Zp@Lj@r@jAbAvA`@v@|@vAbAnAfAjAl@b@ZHl@YTYTM`Ac@H@FNFt@RxAHn@GdDDlBCfCDbADTPLF?`EDLDHLBPAp@GdA?rC@`@Ax@D`B?j@Q`DCzDDzAGpA?bAKjABpANdBJn@FFZLFHDPHbAEdCBtAHNLJj@\HLDPA`@SrAI|D@h@BFHJPH|@KVDZR^d@Nb@Jj@AvB@b@DNNFtBMj@FzAEt@BlACFC@GHm@BGh@KLEFQ@u@HEVEv@Bh@Ap@DhAGf@@|@M^Bl@Ej@@h@EV@h@LV@xAGf@_@G@mA@mCIqANy@DgBQ{B@GBGNSt@Gb@OnC?z@E|@?d@CRKFGCo@GSKUWUC]Dq@Vw@BECEQP{CC{B@wBEg@LcATiA@i@Gw@@_BCWO}@AeAFcA@eA\s@Ne@BU?GI_@[Ku@aAgAgA}@sAs@oASOU?YHk@d@Ub@]ZDA[ZIPUNkAfAAMIQQ@a@\W^OFi@KiABe@KwB?}A@k@Hq@TOB]As@KS?ODKCESHyACoA@iAM{CB_@LcACCGeCM_AA[HsBEsADm@N_A@QI}@A{AIeAG_@i@aAw@wBsCyDk@}@CUVy@RSbDuA|@e@n@e@^Sr@g@BCBQU_@w@u@Ya@s@u@]k@eAyAqAqB]o@s@oBiAyA]g@i@gAmAuAS]BOBGb@_@b@k@v@w@rAgBNERJlApBLL\l@X^N`@v@`AJRENKLuAzAYd@e@^{@`AKFE?OS]s@o@eACKBEDCN@z@l@f@q@xAcC\q@mBhC{@tAIB^W\g@d@k@b@m@d@y@KFqAbBq@`Ak@f@^KLIX]x@yAt@_AE?QJaBzBm@n@GBGC]Wa@@OQQc@g@m@g@g@]Oc@a@cBcCwCyDYu@Mq@]u@s@cAWSO@ULMPoAnB_@b@kAdBk@d@[b@g@b@,65
}j{bFj~dgVP@lB{C`AgAlCqDL]}EuGe@y@[]g@gAm@i@eAyAs@kAAQl@k@dBoBFk@DE`Ak@pBwBL[bAgAvEsGf@c@rBeCBOESaBuB_@_AMk@g@s@C_@J_ArAwAJBFCt@i@VKZgATe@bBwBxAyBbD{DTo@@y@QgCEyBGmAIaA@s@EiAFcBMcEBcBMmB@gAKaDAkEEMCo@HwDQ_AMsBBsCA}AKeAF_BKyCOi@oAmC_AgC]?y@^ADJF~@PPApAk@`AgAd@Oj@e@v@Sv@aA`AiDf@w@TeAb@c@Vo@RQNEf@\^bAGRWNu@NGGHQ`Ao@f@q@ZSl@cC~@iCLm@AMAJXITYH]@c@j@q@fA]n@aA`@y@\a@xAo@h@?b@Pd@AlCmAfAUN@@Vg@bBIp@IFIiBs@iDaBgEm@aAsCuDc@q@gCiCg@eAm@]kAyBEOBGfAs@`@a@DYK[iA}C]iAuDgJg@aBc@iA[cAS_@]iAy@kBuEcM]yAeB_EmBwF}AsD}CmISeBa@mABYjAg@tCwBxDeCnC}BC]Ug@]c@]aACRG?k@}As@o@e@UY@[JaFpCa@ZyBjCw@f@u@ZwBjBaCvAGL?Pt@zAj@rBrBrFxApE`@z@?p@H`@HR^ZPfAbA|B@VZ`Ah@^f@fBCV[z@QXmAbAm@Pm@ZWd@K@@Zb@zBJTHAJXt@lAv@fBFj@_@j@}DjCw@^OREZd@lAj@hCb@zANZtAbAx@o@Za@LC`@l@`@\f@|@d@fBB|A\dAJp@P~DCp@Pp@dAdCX|@z@jAd@hCHx@JxAMRn@l@Xx@l@hAZbArAtAJlBPf@n@jAz@h@NRJv@?tBF`@N`@h@l@r@vAb@lAx@pAx@jB\l@f@f@Ld@nB|EdAzA^XvAbBt@hBAFTxBF?FZOt@\vANrE?jBFz@JtC?nCInDH~AIf@P`D?v@VrKA`CTtE?dDIT_Ab@u@p@}@tAe@hA_@j@qAvAiB`By@hB_BnBQd@o@PYV_@b@m@pAq@fAcA`AAZNZnBrBd@n@Rv@@NGNcBpBm@l@w@jAe@\kEdGaAhA{@tA}@v@i@t@WNw@nAmB|B_@h@O^e@^m@v@eFjHg@TmAfAcAxAUf@,67
ik{bFl~dgVYXG@yBeEw@}@_AgBwCqDk@eAOAgCaEu@}@]o@?YhAaA`AoAZSPHfChEfArA~DbGz@xAjAxAvA|B\ZRDl@CNN\jA^p@hAvAp@lB`AzAtAbBvAbCjA`E\bBN^^p@vBvCx@xAzAdBl@z@l@\P?jBeAFYUi@c@q@_BoBsAkCqAqBoByB_C_Bu@q@K@CRF\f@pANDt@UX@VLd@h@`Ap@xAnBzBvDd@l@ECbAtAv@t@RJVArBgAHM@MMQ}AuAyByCoAaC_CaDk@aA_DmEcAcByAqAoAiBgBsC_@cBc@}@s@aAw@u@eAsAy@{AuBuCu@{AaC}Ca@s@kD_FK[FWlEmENEVRf@~@TPj@L`@b@zAbCfAlArCvE^`@d@v@vE~FVn@Zh@bAtAtAxBbAnAdAfBhAjAz@pAnAvAzBtDZ\p@b@lBzCx@|@rEzGh@j@`@FxBIRSBWAaCGSMMoAAUIgAoAqAqBQSQAON}@xAKFCERa@`AkABUKWcCyDa@c@iE}FWKG?]^aAzATx@BpA~@lAHTWn@eAxA?RHRxGzIvChEVApAgAL[F]Ae@IW{EgGc@{@kAsAq@oAWOi@MM@e@`@_B|BuClDa@r@eAfAm@x@uC~C[DOOQ[@QmDeFUm@DUh@g@ZMh@m@j@}@Z{@x@wAx@aA`@_At@w@b@y@`CiDDI?SuAwBy@gAeAcA{A{BuAiBe@e@WCa@Pi@v@I\iA`BkAnAyBzCc@\yDjFQNMCaAyBoB}CCO`B{A^s@hCkCfB}Bf@{@tDkENSBQ[_@Yk@uA_BMG_@z@iD~D[VOEcBaDI_@L_@VYfD}CFM?QMe@IM]WeCmDMKQC[RuApByA~ACLLb@d@l@d@~@ZZZl@Zz@?\u@x@oFpG[d@Sv@@TJVvAlBlAvBt@z@j@hAtAjB~@|At@x@d@p@nCxBlAjB~AlBrBlDb@xAp@jAtD|EbExFlAjB\TREBUxBcAh@c@|Ai@nA{@dBu@x@m@rEqCNQJYC]Wa@uE{FcBwCe@e@eAuAo@iAoBuCcAeA_AwAWI[Tc@LmA~ASFIC_A_Bm@w@mByCsAuAkAqB]Mg@Rg@`@O?_@U{DqFoB}CmBcCgD_FgAkAYOOBm@j@_AjAm@z@i@bAcCzCIX?VhCbD|BrDlBrCtA|AlApBvAlBt@tARNLI,68
mk{bF|~dgVQFEA]m@U[Sc@a@m@Y[eA}AoAeBWWMYOO{@yAe@o@Oe@m@_AaBiB{A_CKa@IMe@e@m@y@U_@_@y@iA{A@MV]P]rAwAr@eA|@_Af@S`@y@\e@f@e@d@m@l@k@hA_BdA{@NWpAyAPY@QG][c@g@i@eAgBGEGB]`@YPINIXm@r@mBxA_@^_BhBsAlAkAvAy@r@m@|@m@d@i@h@_@r@CRHTz@lA|@zALXJHLGTWXQbAmAb@_@FOAUKUkAoB]c@Ym@CQFWRSj@c@Z[v@eAVUBGASAIIQa@k@GSeBeCI[HQJKp@c@d@e@r@o@d@m@~@_A`BuBBEBSCQIQkAmA_AuAGGOEIDMLw@lAi@h@URy@d@iBfBU\_@`@CPDNLXx@~@j@jADPJFDGM[e@u@i@aAW[GK?OJQp@k@Na@LSPIXGt@u@H@HJTn@^j@r@~@v@vAf@n@~@|ATZb@p@dAnBT\\d@LHd@?J@DDCCLR@FNVn@z@HPNv@Br@ANBDF?Yv@i@t@EXYj@SLO@KAUU[i@[y@WMQMWIWSaAaAg@[QOWc@_@mASOG?MFo@x@gBxBEN@RBF`@j@fAjB`@h@Tf@JNRPLDj@HLNPXV~@X\T|@JAEEWXOTWVOVQReBlBLALK|A{ARc@ZYn@s@d@o@|@{@nAaBRk@BQl@aAZa@z@y@^WZ_@FS@YOeAGE]PQLMTGPCRh@v@?LSb@s@t@wAhB@OS\StA_@t@Qx@MLMRER?H@NH\L\JL`@dALRl@h@PVLZFb@VZd@fA~@~@h@hAVTTLt@|@n@z@t@v@?JJ`@ANBP\l@BVBjAARELSNEHSn@GLK?MT,69
ek{bF~}dgVK\e@h@YAmAoCgB_Cw@cB_@_@wAe@kCaGa@[kBeCEU[_@g@}@o@yAeAwAmAmAaC_EwA_BISE{@{@_BKRDTjA`BFtAOZkAfAg@XYAu@yAcAqA[q@I@j@nA^Xl@z@Vn@@P_@z@k@p@k@fAg@f@E`@~BhD\j@H^j@n@r@dBdAlAb@Ld@v@LB^aAB{@z@eA@Ug@gAYkAO]o@o@_AgBmBsCYO@Ml@Wb@`@@pAV~AWhAEt@c@h@y@Z?LhCsBlAuAzA{BbAs@JXCdAL?ASHCLf@z@t@n@bATt@Ht@]dBs@~@VjArB~BfBbEvAbB|BlD\X~B`Dd@`A?f@aA|@eB|BOBWWIcB_@w@iA}As@sAy@m@qAoBeAq@Sc@ASJiBZLGcAF[zAsA~CoDXP~AtBRdA\bAn@PHTBd@Ox@Ll@}AtBc@\Yp@y@n@e@bA?^`@~@hAxA|BhF~ExGb@b@^Dl@tAfA~@f@bA~AnAZ`@R`@^bBlA~Ar@Zp@n@TBpAk@d@e@GWk@aAe@e@wBoD_@YSm@YFmB}Cq@S_B|BH[z@o@lAwADYC[]s@gAw@w@Bc@\sAlBYFaEsGaAcAKu@FYz@u@To@\a@d@[TBhC`EjB|B\p@CAjBpCf@^b@e@RELFn@jAhAjAbA`Bh@j@R`@pA`Bz@dBl@`@z@rA^DnBcAJUEa@g@c@kFuHSGwApB}BvCQBUQa@{@qBcCqAyB?K`AmAx@w@d@iA?[eBmAs@sA{CmEHc@x@aAZBTv@lAxARt@nCrDrAxChA`B`AbA`AfBvBnCnArBjArABRGNwAh@C^FxAEZ]ZeBfCZ|@FdA~BzDvAfBf@|@pDbCn@l@b@HJEPw@?oDJkAIiEQWK?wATt@Ib@QDOkAiDiA{B}@eAc@Em@m@_@Oo@^S`@`@v@p@d@r@z@Zn@VP^t@l@lBL~AQvBBz@YzAKNWF_@[{@kB@KXc@Cq@KU_Ao@Qo@eByC@Wd@gA?{Af@mAf@uB@WGMoD_FYs@k@g@Yk@e@e@i@cAm@o@yCsE[{@o@iA_D}Dy@uA_@[o@?w@y@qAj@q@hAIBIICOL_Ap@eAxA{@`@e@,70
qk{bF~}dgVFLE~@JZfBhAbDrEfBvBh@fA~@xBjAjBpAlBjAvAp@fAfCdD`AzAbAfAb@dA^b@nAjBr@t@\p@^d@A^Zv@PjALzB@n@Er@FhBDd@LV@TCXB\NZRPl@\rAf@Pr@NTPJP@vAMfCBTCd@a@d@MFKJ]As@FeBCq@HoBAiBD[DiAMgCAoJKiDGo@_@yAIm@s@iCMWMI_@?MDqAz@eAh@gA\cAd@_CzAIPAN\j@Zr@Hd@?tAAPIJuAMo@Wi@i@Sc@Og@SOIAILs@RGNAVSXB^Zz@f@r@x@|@Vd@RTJBj@Yx@A\LPAHSDgA?_AFc@AMCGIDE^Dt@ApADb@BF^NvANHHDJB^Ah@Kx@MVDS?XDf@?b@Mp@EPE?Ah@GJARCbAG|@FvBa@nASDWMCIAe@GMSUMk@@yBCo@EY?iAQoBFOJAjA?rAIVON_@DeACc@Ge@@eACi@BcBCiEMmA]{@CQ?El@g@xAe@JFRd@\`BIjB@pAE|@Bj@GlAD~ALZJFb@Lf@IzCE^KlCPv@?j@GdBCZEtBHpAIrBJNLLl@?PMfAEXKJoAGa@@_AX_AH{@?k@L?ICCkAZyA@[Gg@CK@YP[d@Ql@AhADNZ^BZEPa@l@IZC`ABdBCRUr@YL[BGPRJVEZS`@c@`@YrBJpDK|@Ad@DfBIROdAcBXw@L_ANwCKsAe@qAOKwDA]ZETAt@HtB?|@Df@@n@IFKMAKAWDiACIIIaA@wAGoANu@?QCe@[]GEEASJcAAmADMFEL?\Lx@@f@QXE|DGLEFSBa@IwBCyBBw@EuACG]EqBFQEE?AFDHND^@~@Gr@?JEBI?eAEs@@wAIsAFiEBa@DQjBJLH@FCvEF`BEtA?rADXERI@}ABWGIDDHR@`C?d@BxACNBJHBLEf@?`AEp@BM@s@@mDEgDBuCEwAOmAWM}@Cc@K{CGwADaBA{@V{AC]L[`@MdCIFQAOM@EQ{@QcBQk@kBiAq@s@Q]aAqAe@qAq@kAgAsAo@q@Q_@k@o@a@m@QKgAUO[CS[q@c@c@QY_@[Q_@[YMGKH}@P_@NsAjACr@KRaALS]m@c@g@}@gAsAa@m@]SGAMJWOEYB}@Em@gAm@m@CSHk@`@Y`@s@XGHq@Jo@^_@Ac@PWd@ON,71
_k{bFl~dgVn@UfDuDrCsDx@uAfFuFv@wArKeNdASrAdBp@lAEd@eB~AO`@@d@|@pAN@\Q~AuB`@WXLvAlCf@AnAqA`@}@pAm@`AeAR?~DjFrArBhApAxAhALV@tKCxGJ~UNR^Bn@QbGIDiAG_BMOcKNkKQcGoI}AiCoFqHD[r@m@r@g@T@zDpFt@z@lFjIbAfArLKfGHJIFkCE{@MM}D@mBL}C@mEK_@_A_@m@{BmCaDcFOEK[e@m@e@Gk@_A_@aAo@q@K_@ZaAdBsCjAwCf@s@C[Yk@WaA_G{Ii@eBHWbBiBRGp@t@`FzHdCxCTMx@kAn@a@R?fAfA`@r@hApA~BbDL@BOLB~@v@rAf@Zb@xAl@jATKbD_D?}Cu@MJVTvBr@`EJDd@K|DFbBKF{DK{ALcCCeAJiD@o@d@QG{@_BqB_COBgAdBSNaAo@w@}Ac@Sa@Zo@hA@SF?HVS\qApA[t@}AnAa@l@CTzD|FT`A`Aj@h@`AlAlATApEyFK?aBtB]r@eApAK^Rh@zCbEbA~@dEQrGFvAKdFJj@ERYCyMDaBC_EGUUIkDPeHGmD?KEIW?sAMc@DMNHBZO`IDtHGfGFl@h@P^`@nEHA~@@nAb@Ro@u@H@D]FECa@d@o@h@QxFHJODm@j@IHOBsEIiGFgCGmCDkBGuDFoCIgBB_FGu@HwFGk@FoHEuCg@QyBDKBGT?bBIrHDf@\n@Fb@F~ASZmH}b@MUHFGYaCyCkAiAa@mAHa@pBgBhAgB`AeAVi@R?~@i@JS\Sf@Mv@AvAZv@BZVZjAE\NpAAbAVv@LL?l@Qh@c@h@cBj@wBQ{@RiAIKLdA?~@W~AChAP`@CLLPtAErB?lDJnEMhBm@RyCUcBN_GjBI\y@p@WFq@sA}@YiA_Bw@m@Ys@e@g@aBgCE_APu@r@w@ZMTLx@|A|BjD~BvCfAjBnEzFPZGr@Rj@`@TTGl@{@BYJGGcBq@eBcAuA[{A]aAgBkCc@_@m@kAeDyEcAmAQi@Ve@bBoA|AhCn@V`AdA^j@LdB\ZvAj@HX?Xm@b@Qp@]t@f@s@d@YfBNhDQdACDa@GmAHuBCw@m@W_B@}ET_AI_AV{CoEUm@g@s@_@CwBjDeAdA}BxCkAdBuApA}@xAcBjBWh@_AbAkHlJy@nAwDjEsDbF}Av@mKzM,72
ck{bFb~dgVLA^i@^Up@s@rA}@bAmATc@zCwDr@q@`BoBLGR@FGN_AXg@|FoHn@kAp@o@LCRNpBbD`@\TI|@kARg@Qc@aAwAa@_@g@s@]Gu@z@Wd@?^Vt@BVIZg@r@[LMCm@m@OCMHaAlAMHOEy@y@_A_BgDqEwBkDsFkHa@_AGYBShC}BtAcBP@\t@rCpEfExFr@xAx@hAhB`DXXh@b@LDnAaB@[y@mAm@o@i@iAuDqFqA_CsBmCeB{Ca@a@GSB_@dB}AT@|B|DfBjCd@d@pBlDl@n@f@`A~ArBd@|@n@|@PLJAPId@i@z@kAHUCUmA{As@kAqBaCqEyGq@y@gB}CmAqAKQA]Z_@j@]j@q@PDfBvClBdC^v@^d@N`@?j@H\`@Xz@jAXr@bAbBf@l@f@b@p@bAZHPSd@Mj@e@F[?YOmA_AeAoAaAkAgC]{@sAsA_AmAYo@]uA_@_AqB}CA_A|B{BZCLDR`@^tAzDrI~AbBf@t@p@pA|DdFVFfAsAt@y@GUWa@aEuE}@uBwAeBkAeBw@_BY_@{B}Bk@Ey@LKLFNz@Wn@AXVn@dAl@n@d@t@FP?LM\[f@oArAa@To@n@uA`CiA~AVVKJh@`@RXDTAf@BVJNXNf@l@r@pAGh@e@b@q@\?FJB|AuBrB_Cr@uA\e@nCeCl@_ATm@r@mAh@k@|@k@l@w@~AuC\c@h@m@d@_@l@QVSVmAAEs@A}CRyCA{@R?PDHBDPMl@nApB~C`@`A`A`AjAxAXfA?PMTeB`BSIg@gAsBsB}AyCw@i@mB{CWg@Yo@G_@?KDEpACjBHGCiINeBEyCRcAh@[h@eAnA_@l@q@j@}@dAARu@`Aa@d@m@`@SXkArBc@fAKb@]h@_@XMXDNn@jAtBtCHVEPuAxAiAdBa@Xu@|@y@zAq@|@w@nBs@t@o@`@ERNXLb@|@vAn@r@zAvBLFZOX_@lBqBnBkClAmAtB_DpAyAJA`@dApAbBr@lANl@GPoAfAa@n@eD`E{@l@O^@Fk@rA}@r@I@OAWVi@nA{@fA_@p@_B~A[j@w@`AMd@W`@q@h@MFKGO?{AdBo@vA,74
}j{bFj~dgVn@q@tAoBn@q@pAmBfAgAn@_AZ{@jAsAbAu@RU@QQi@u@qAcBaCuCaDUIMSO?a@}@Y{@g@q@e@[]aAAOgA_Co@}@Uk@A_@@u@UqB?eAkAmFyA_DwA_AyAoDaAu@mAeBe@mAGaAJSr@k@j@o@RINDNPNh@Zl@t@z@~A`D|A`CId@cCvBCHFDRMdBoBPKXHhAbBx@|ABVMXqBvBMD?MLQ~BoBdAfAhAzBl@h@TGf@{@`AcA`@s@Me@e@m@Ws@i@k@k@qAYY_BeAm@eAi@qABST@\a@d@IZQz@{@r@mASq@qAqCKg@g@iAqAoAo@aA}@?q@VIPAP^v@x@v@pBpCbAtBD^_A`Bc@Xw@@SIaAuAu@k@_@cA{@eBA]Ve@PcAHOpBeCfBgBTe@F[r@[b@g@RRx@bBlBlCv@`Ab@|@hBrCNZF`@^x@DVh@f@lAr@l@n@l@Pn@h@VA\]fB_Cl@_ABUAKe@cAiCeEYm@o@w@K]EqAGQMC]HUMeAuBeDkFs@uAJUd@Yj@o@R_@lB_Bj@_Az@y@HL^|AOdCDbFiDvCEh@IRmA~ASPMGBIb@In@a@l@q@bAiBfAaAPJFRG|CBz@JLvHSx@UBQQ{BFs@A}@EGiF?mARKGU}@CsBGo@@OXItAK~ADvBMNKAwAFoASu@CoC@w@OkABmAEQs@^}C`Dq@`AAl@Np@PtCGBGI@}@QaCWUiA|A{BzBaBzBaB`BIVBPNVZNJR]m@UWQEoAtA_@l@sBhBM`@D^PCT{@?XJs@`@_@`@G|Bl@z@j@n@t@\~@HDz@w@X@`@n@Nj@\n@LDj@IDd@Kd@JZ|@bB~@x@\fAfAxASp@[fBa@d@HIqBfA]Z_AzAYfASNEC_AwAi@[SASOCSa@e@i@Ue@]_@m@s@w@e@aAyBcDw@eBq@}@EOFBAEKSS?]a@SKiAVoB~AoAjB}AfAaApBa@`@Yh@m@\e@x@APFZjDxEjAxBrBvChA|Bn@j@rD`HCNo@Xa@\aCfDUNq@Ee@Xa@jAE`@a@\CLCbA}AhDH\l@z@l@pAhAxAPbA~@fCrBfDPvAn@j@r@~@vAr@JLDb@?l@M~@Y`A,75
ck{bFx}dgVJFLGTU~AsB~@_B`A_A^k@~@cAXWb@u@l@u@b@{@bAcA@QISMQQ]EU@k@GMQQOUq@o@_AoB{@eAy@iAa@c@iA}A_@{@s@mA}@o@m@}@k@s@I]La@?KQg@AOFM`As@FOEIi@u@Uu@Wi@cDcG{@eAeAeBUg@e@i@AK@EXWK?EBQTG@IEMq@Sa@kDaFSo@Ag@UMACJAj@ZN@JIl@s@XIp@Dd@Xl@nApArBd@`A|@|Ap@dAHCA@DNl@dAd@`AFTCR[TUXADTMNu@DEJD^\f@`Al@x@b@t@VVbAvAVVNChAcBt@u@f@aAtBsCr@iADEHB@ODIvAmBz@}@\g@DY?IMUY_@Sa@cC{DeAkAq@e@OSEI@IIQmAkBiAqA[c@GQKGE@GLQr@IFMACDJ?^s@A@w@{BsAeC]y@qAeBSOAO@EFCPDJNTr@z@tALJNBt@u@~@Wx@y@ZQt@{@PENPP^h@p@l@fA^Zn@fAFFJ?n@{@WIUTS?S[?MPWf@e@\m@Za@FU@c@HGPA?Ca@?g@F]K{@wA[o@AOHMdA{@l@aAb@c@Va@XYV]|BuBn@m@T]Tu@h@q@XIb@a@v@c@z@Yf@@l@GhCFpBCp@EdAOF@PVJBrHWTDFHDRCpA?pAER{Bf@g@DIH?LG?SQ@[Fa@HaBVQRBZ`@EHZDj@@^RHTAr@NLZDHH@d@?r@CFEFMDaBAsAJC@JFCBSNUD?DBBMZMHCRED[CUQfB~UFXFlCCtABhAAf@CHGJk@Z[Ey@Fg@E}@FYA{BPKDm@ZK?IMcALe@NUCOFELCZ@PJRPn@l@p@XvAVj@Pp@p@vAj@r@lApAtArCbAlAb@\z@vAFVAXMPSLs@p@EJEf@GX_@j@ET@RPp@V^FTb@z@fCxC^t@PXDHG@R^Nj@l@j@P\?NINe@Z_BfBo@dAc@Tc@b@e@v@SPMFS?sAl@MTWdB_@`AS\qA|AUb@iAhAkAvAQ^?ZDPAJ]p@OJS?]L}@j@IRKb@SZu@h@Yh@y@`@wAtAMBME[e@IIIBc@m@WUm@u@g@iAeBeCQ_@I[Sa@EUKSOIUFu@t@g@VgBbCc@d@MXUXu@p@,76
}j{bFr~dgVc@ZKC}@}BoCkDQ]eFqHk@c@a@k@K]QSw@oAk@iACMDMn@k@dAyAlAiAIMfAuAr@q@~CuDZi@xCiDrBoCTi@x@y@jDeExA{BjDqEZW\m@bAeAj@iAfB}BAGRSVCtBmDfAaAbAUf@YnEIhAM@SSi@MoABgBKeDMI]?gALaA?UJAXB^ZHp@ANL@z@EZIFEQEqAOQk@?GQ@WIOk@EiALKI?m@CYBeADKXInDF~BSpB@lAIFDDRCr@BNf@J~@ShEWjEGNMBc@O}BIOGAkCHy@L_GLm@GKMIa@OGwMf@]MIY?cCHQREhGBfBUrBAb@`@N@tEYzC?~AMVWB_@MoCGOgDP_D?wEXyDD{AHg@Nu@GiBFSEO[Cq@D_BRMXEr@DpDQnC?vAOVLDpCLnA?v@Iv@@jCFv@LlHGLODaCCq@HPI`DETFHRHl@C~DD|BTFdAQp@?JGHS_@eL@o@F[Ez@BbBC|@PzGDRPDxBORSOoIHFGvADvCAl@Jx@d@Hl@OlBIHI@SQsEMeH?qAFy@M}@Bm@Io@KkD?{CDmDWKoBJERLdABZERMNa@FmBIYFMX?`BJKBYG_AKQSI{@BSIFg@GeBa@u@g@]g@M@cANI~A@fBMdAJnAIFl@eBN[NYj@KAO^AP^Ip@H`B?p@Td@MnA?NOFY\GhAs@De@IaBHQNIn@EdANdADdCWRB?DB[C{@BaAGtCLxALj@KVWFiBCcBNeEJQHCn@KbE@dA@LNLdGSrBMt@BHFHpAInCLbBA~ALlAa@VqBBYBGJTrALxGEACaAFaBAiAMiAC_AGG_ABiATGNBjENbCGBGWBoCEuCEe@c@QsAXS?KKPKnADfCGfAINMSeJAE?JIyAMq@oA?q@DuAIuAPIh@J|CHPzACbCYRFaDDmALGPFrBLNvCShA?oCNuACIPCn@BpAJNv@GtEObEHJRE~@FdACvCHdCIbAUFG?CKgADwAf@yA?cDPGN?ZH~CVLtAQfABfBK~CANRB~@MvBGHm@@]LgAK{@Lu@ZE`@ChDcBvBc@lAq@n@GNBNh@p@@HE@IISu@cAsA}@kB`DuDDSEYS?KHoChE{@z@s@pAe@b@cAf@If@Y^SCMFU|@m@z@}Av@i@~Ae@`AuCfDWT_AtAsA~Au@lAkC~Cs@jAq@n@kAn@{@vA[z@q@j@u@nAc@\y@pAe@b@yAdCs@j@uBzCgA`@s@nA{@r@q@nA,78
_k{bFj~dgVr@o@b@Sx@aAJE^B`@ZRXn@rAd@j@f@`AjDrF`@TXBZQpAqBjBeB|BsCx@mANMPBb@|@nAhBTRT@Fb@R`@dA~ApAvAbBdCj@Lh@`@fBlCl@h@f@|@~AfBTl@lACVHJf@AlDCPYP@Nf@VlBAPFFPE`D@zE@\JNVFlCKzJBp@d@FNGzEDd@LHzLUt@HvBAr@PDd@SjCy@\oBpCYROBqCMWScAeBmAaBIg@CoADMHNDvBLTVDbAGbKANHT`@FV@~@FRTPx@DZKFKLsALa@|C}DVmARoBCgFZkGr@mICeAGYe@EyEAyCHuFKsA@cGLERAx@KXi@d@aATAd@LpCFLFBtIMtJ@`CGh@F`DILBDPU|AE~@]RsCQeHLy@EqGAeBHBfBCl@GNULi@Dy@RQEAOFCr@Ab@FpAQrABd@JpFClBGfDDjAIdBFf@JJX?PK\k@d@w@|@MD_IIiCFaGCs@FMLCb@HhBL?G]Q_@CYHw@MgCBmDG{CBcANg@pAaAtA{BFg@EqBLDBN@h@IhAHZjEAtADh@IVHMbCDxB?jGG~JDfBFNR@XWfA_BvDuEhAmB`@CfCx@H@JMCOGCgDs@MIAKAUVqDNoABaAIQRsAEa@u@_@iAK]BaAW}D@OGK[FeBAUGSAe@Jo@AqAJ_AAaEH[`I@VLHXMpBBlAGvBD`@TRj@?ZCJSTsCJgCZaECwIIiA?u@MOcC?KNK~@HhJFtBDHVJfBDPRAn@c@zBWXiBQy@ByAIgBFy@Ty@d@w@@gCKeDF{BGiD@KYJwBDEr@GpBJnFInCBrBKNWOYCoBWSsADWEmFH}@GcDNeAEKGCOHkC`@Kb@HhJ@fAInC?TF\n@x@Jz@?nAQnFFp@ILSCqCEQe@I}@BuBImDHoAKa@Qo@I{FJiEQyDHIWA_@No@Co@|AOhIJfBEdBDl@IDDD^IdFDbGCrAD`B@`DAjBCLGBiCQyDFYIIQ?o@HoABiFCyESaCJ}A@qCAQMKQL{EO{@Ha@[m@L_AWm@Hq@t@_@HmAe@eAJoA@cAWsAV}CHYSk@cA][o@}@QCa@f@q@n@_@HkBgCYMUJOTs@jAKZ_@Pc@d@Gf@MRQHPEg@p@c@~@SN]LaACWMi@aAk@g@aAd@w@lA[VI?MK{AyCs@cAqBsBCSq@iAk@Se@k@UAi@Ju@t@{@Ze@b@_@p@eAlA_@lBWb@YT,79
yj{bFj~dgVh@w@Tc@bCqCL[^_@d@s@r@q@fAcBr@k@hBgCJELHN?ROnAgBlCgDn@aA~@_Ax@sA|BiCv@eAz@wAl@c@bAcBr@w@dBaCj@g@PWlAkBpB_CJ]T_@l@a@l@k@lDcFv@y@Xe@bAqAj@gAG?PQhCEhAFbAEn@Dp@?Z\JZBvAGjBG`@DVNJv@Az@MjAF~@CtAFbDIlAB~GCr@?RFDFBVK`B@rBG`@SFyAKgA?OHSf@MJU@eACu@FGBEN@f@BXAd@TTMCGY?YBkACOQKu@DaAKuACg@BsCGcCZEFCR@dBGtBGp@Fz@@FFFR@fHMtABlCM|@@^NxAAFB@F@XG?HQD_@AkCDSDILE`@FfAAv@DNCJO@UMkBAuAEQUKcDJSLIT@bEJlAC~@Bp@At@Bj@A|@MbADnAClABtBDn@Gn@?n@@RHXD`@Cn@D`@@vBJNNBn@EtB@dCIpABd@EFGBQEoCAIIOMAuGJWEuA@q@DiAEq@B_CCkC?JIa@JiA@q@Ew@FuA@w@GCECQPsDHMNApB@v@Ex@JdA?XExAD`@Kx@Ht@CnBDb@Ch@Kz@DtDCxCHREDIFc@KoA?_CJsEFg@DoAd@{DBg@JeARiAHiABiHEy@Qg@OWOKuCoA{AS}CEkC@kAIkCJg@Ck@Du@AQHIPCVFvFC|C@zDDFRDxBHfC@tAGLDLRF|@EXCt@H|@?n@Cr@Ox@?j@Fn@FHJUJ^FtAJh@TJt@Jp@[hA?f@IFDAFWRMb@MN}@NGEe@H[Ik@NYAQDEASJg@Sq@Ck@M[DsAUeAF]C@BEBkBMw@A_ANmAHc@A]MK[DkB?y@ESW_@UMEU?oCDe@DmCAQEIQEYBONIVARBr@ALQ\CTLb@T\@Le@Nq@Dk@Zo@JK?OSYcAIKUOc@IKG_@m@s@u@y@oA}@eAmBoC]O[AKFc@`@aAfBs@r@Ud@[JKJs@jBeAl@UJEHw@d@S^KXKh@ILk@j@i@z@ULAD@@CDcAz@ELGl@OZq@l@K?SLSZWRu@z@X_@SN[h@_@lAULa@b@w@j@DAM@WN]j@Uz@OHD?@Ne@n@]\g@R@DF@@Ba@^[@a@Zu@x@c@ROG[DWR_@b@g@z@y@~@Wl@_A`AiAbB_@T{@fAi@x@,80
ck{bFd~dgVXGdAkA~@k@f@?pDtFx@zAhA|A\^ZJXXP?j@gAp@i@r@{@j@Yp@w@bAyAvBgCj@cAlCmDzAcBl@{@tAoAhCeDb@s@Da@LWh@o@dAw@nAoAlAmBdC_D|AkAnAi@bCc@|@EFFCJB@HYxBG|BJDL@l@d@|@E~HBrAGjB?~@FX\Jv@FfEKhIB|AETX?jATj@Bz@MdC]z@]jABrADXd@FzAKrJBFAFME_COSQGsCHsH?w@IaEHaCMc@I{B?g@FkAIKG_@e@Gg@@aAJQLEp@B|@GbHAvQHzCGFJAFQF_CMMDGPH|HDV\FzBSF_@EyCCsJKMOA_CLo@QeFFKDK\@l@Iv@Bz@QNmAMeDA{AI_AJmAAkAW_B`@}@HGDCPC~@FfBJLrAMjD?~@HF_@?{@KGCJAlDEp@IPgAOmDPOMKYOw@?cAMcADwHBc@EoDBiKGuB@uGGgA?uCGm@NaGE}FIuEFWPMhASlBGzABnEQHO@WIuF@eDDMz@[XCdANTXNZNtB@xDL~@Zd@XPd@D`@ALMDs@SuBBy@@t@PhDBNLLnGRlBp@\GLKHWBw@@kDEs@AqEMa@]W[I]BhCeCmClCeAGKSHcAKk@kDcDgBsBQ_@eBqA_@LqCCcBVELJ`GNlBAdBuB\aEAcER~CJfAQ`B@pDSzD@jCUpAHpBCjB]r@H|BOLILk@GcB?u@QqCCkDJSDNhAMHHk@DOMBGKAcFHLGtAGh@k@XMNFDZEh@UFaDD}@EaDJq@N_EBmD\}A?wAToHLMEI[FoDGs@?uBKuA?w@JWbBKzDJHPI~AF`@GY?uA`@]ZIhBJnEc@l@OHYIaCFcCGeDEQf@AL]b@Jj@Op@k@\m@j@_@h@i@xAq@VEz@H|@p@z@RdBnAnBhBH^C\Yd@@JFP`@GX`@r@~BxAjDDZILsC|A{@v@WNc@f@cBv@gCjB}@JSQyAkEiAgCIa@?q@CGYCiBLiA?yAXsDHr@?aB|NcC?gANo@CGWBk@NuAEMQRErCELqBCKGChAIz@?lALlBBpBNbDCjA@vBI`AO?k@]eAIgJPILE~@MlA@bAG~AM`@o@bAoFtG]f@Yt@U\{ArAmAdBuA|AmAhB_JlKq@z@}@bBcBzBoA`Ag@j@{ApB}AlCg@j@}@p@Sn@u@dAc@~@g@v@wArAiArAyAjAaApA,81
ek{bFd~dgVJJZSpBcCp@uAtB{BKDdAw@Pc@|DyEnAsBxAaBjJwMnDwDdCmD`BgBxAwBbEkF`A_AhAaBtA_AjEyFr@uAVI|@Bv@a@nFIH]I}@@wHIYz@G~EGr@g@zDOXYBe@QwFQuDO_AHmB[kLIiJkAEG^Bn@URGENuGF\KpC]XsBKQrA[\`@\JoEMkCOJ@tAMLkC_@ESLG@g@MOKhAm@El@@j@^jCDNV@jALHxEGRKBW]yED]R[v@YhFTh@Il@XAPG?iA_@oBQOm@JmBCdASxAyBEw@l@UCUe@S}@@[xBqBhA@ENwAG{AxAk@PaBoEbBqAR@ERyBr@uA{CFWr@i@oAr@w@_BQFIf@d@tAC`@oDnC[DQK]eA@_ASy@DO~@YBg@oAwBW_AuAiCP_@lBoAd@q@xBuBYLwBxBM`@j@t@x@fBZCfAmAAPgAz@K\zApCgBtAiBpBi@Ja@U]kAq@kAGc@iAgBN]xAmAiCx@k@yAqB{D{@yAoAeBFm@t@{@^u@`CsBVP`A`CTPr@KtBuA{BnAYb@hBhDPCx@cAxAcAIRsAr@iAjAHf@rA|B][wBcFSMeCxB]j@kA~@aCgFASVc@EO}@Fa@PiFlD{AxAyOtKSXJjCA~@PPpCUtEE~Ei@jBE|Bn@`Az@v@^tGBDa@GUgC_FRlAh@~@~@~@Zv@Z\XBxA]RQB]Qo@sDyGQDoAvAoBjAWE{AkDq@_AAQDI?Nt@eAnAo@d@g@C_Bc@y@YDeEvCi@j@oCtAS?OUG_AY_ANa@VOLDp@w@OST@d@`@\rAhClFtAb@XS@wALQ|@]b@e@ZPXr@OZi@Zq@h@m@JLv@XhApBzDN|@KXa@Qe@gCk@qAyDsFUCaBr@cARYk@Iu@Zh@Ll@ENi@XsBVaBwESOOLRbAzCzHRx@\@l@WlCBjAT`@Vj@vAFdAN\dDEMQe@CgGPQ`@NjCGv@E_@JmBEoAWKeDRESDwCGSKCKtDDjBVrAMRgBMcKP]GIWL}BN]|HDtD[GK{CBiBb@kFPQP@fDI`C\fHIzGf@`OSvBY^AZNg@IbANlB@tCPhBRvA_AfDwAxAiDjEyAnCu@b@Wl@eChCaB~CkBhByB`DDd@`@~@hCfE@b@sBvBaArA[dA{A|@c@v@uBxBKXFXt@v@Rp@vAzAbArBQ`BgBnBWn@Px@vA~AlAdCYn@oApA,82
ak{bFj~dgVf@a@RUd@q@JWh@}@^c@d@q@x@w@n@{@PIRSz@kA~@{@`AuADM@SAYK[Ie@Y[Wg@Sw@OQcAeB?KYg@q@aAw@m@[Y_AeBcCeDOk@aA}ACK?MNc@f@eAj@q@LCNOr@cAdAgBVMfAuAx@oARc@d@m@f@e@t@}@r@i@V]DMPOJKJSDa@FOD]HSD?HK\u@Xy@PSZk@h@o@V]POT]`@a@~AgCb@i@NYJq@IoDBi@?q@CWGUCWAoHOaF?qCKkA@kBEuB@oBDc@A_@G_@NDNCFCBOCy@OuBAcAB[Cg@BGLMLGVGv@EvACl@Ep@A\EJSB[E{@B}@DOLGVFBF@TAd@Db@?\AHIJAdAKJMBKI_@o@[SOCkBFOAoAoAy@m@Me@IwCCGEEMCo@Dc@Go@Cq@Hc@A{@BeBTGBGFGR@HDVf@rAVh@?VERsAzAgAz@WXkA|AaAtAEAG]AQg@gACe@Ko@Gu@Ie@OcCAo@s@mFCy@Oy@S{BBMn@UVUb@W|@_@BEAEECK@aAj@s@j@a@LQNG?ECEGGUQkAc@iBIk@Qi@U]AI@QFMPKXIZM|AaAJ@HJVfATn@FDN@ZIRKVFJ`@CLEHCACDKv@BjADf@P\JNz@xB|@nBz@pCRx@?LCFk@h@m@r@a@\_@f@c@f@QFKCMKYk@Uk@k@u@CQBk@FCHBAdAFZj@lAf@r@BVCFWZ}@r@Yf@qCrCMTCNy@r@a@Ru@bAWb@@?ONEA?OJMd@[TUNCZYl@s@d@_@NUn@k@f@m@`@WJCLLPlA^bABHY\m@fAeAhA]`@sAnAc@r@SRUBKEO]c@yAS[ICG?IRAJBJf@l@h@~@b@n@RTPXTPV^P\`@l@Lb@BDB@BGAGIQaCkEEQ?KBGf@[dAaAr@_AZ[b@]lA{AJED@DFE?FEJHRb@f@l@^x@LJDEF@^b@NZTt@Th@t@jA@SG[]m@q@y@GOMi@YOYYSa@i@w@Ui@_@c@KSKu@_@yAM}@Qi@MeDEQGGGCS?QFs@dAcB`BYZUZYh@c@`@o@\OLq@N}@Za@ZgB`@o@BYBeAAK?IDYE,83
ak{bFh~dgV`F{FjDeFpDkEBWMYo@m@s@}@cFoHeAiAc@y@mAwASm@qA_B_AyAc@}@?_@SaAEgATmBCk@M_@iAyAa@s@KeA[y@Y]_@w@sAoBiDwFa@c@wAoCc@a@w@iAg@a@Og@UaA[]qAuBD[dBaBd@eA\mAZeBLgAT_Ap@iFNcBC?AOLuADwBOiEI{@?eAMgAQGYBSXAb@R|AHfBMXw@d@GL@FLBb@MV@JJBRGvC_@bEY|AKD_@MeAgBMKEF?N~@dBBTKTo@j@]Pa@`@YOoCuD[QAGNB`@dApD~EhAvBRFDOm@m@{@wAQQg@V{BvCe@LQE}AiCi@q@q@yA}AmCm@o@cAeBc@QKDGRDb@r@|@Xn@`@f@Zr@zAdCDXINkBlB_GfHaGbG_BxBELF`@CDm@BSJeCxCc@Zi@z@{@x@a@j@IDCMHQh@]t@q@r@}@HWO_@_@[u@aA{BsD[QWByAt@SP_@r@q@v@Qb@K?AOnAcAl@{@\[lDyAn@s@nAmAh@SRJtAfC|A~BTJTO`AuABKdDkDd@s@zBwB|@oAj@e@b@q@k@qAeCyDa@y@J_@tAkAp@u@PONDj@fA^f@~@nBX\d@hAEPiCrBKVARN\z@|@rArBVRLEz@mAlAkAPGNL|AlDF\EPON}@p@u@jAKDOGg@aAi@k@}@sADEJFZ~@xAnBf@nApAhBbAnBRCCSDMp@c@p@w@l@SFKAQo@aAUo@EF@Vf@fAHl@uC~CuBtBk@x@Ed@JVbBhCGDUOqAaCMKOAsDfEEJFPpAtAfAhB@ZK\oD~DwA~@_@n@eBlBuCrDYIPJ?HaAnAKBCGFUp@m@D[yCcEUGMFw@z@bAmADQSk@eAeACEBGRLfAbBZJ|CoDRMPLd@bAjA`BVd@AFI?GIgCeEGMK{@aBcCUw@DFEUBYrA_AdAaAVHt@tA|@`AF^Md@aCbCQTCVJ@lC}CN_@PKRLtB~DZNRMBICSqB}CKs@?]Nk@rBoBHM@Mw@{Ay@cAIk@[e@DKzAmAp@_Aj@_@JB^bAvAdCJFBEAQqByCe@c@M@}CpDyC`Dc@n@ETFZdB`Cz@`Bp@z@fAnBtIzMf@~@f@d@r@|ArAlBN`@p@dAXn@xAfCd@^BEl@lApCbEj@jAzAdBxC|EnB`ClBdDLJTQ,84
ak{bFb~dgVSXMHSHU`@q@z@{@vA[VYb@]^Wb@_ApA_@\Sb@e@f@w@dAs@r@{@nA]\m@|@SP[`@a@\EH?Du@bAWt@INOPa@PKVKL}CpDq@`Ac@t@KLa@ReAzAIR]^a@l@w@~@W^m@h@oAj@_@XgAf@a@JYNeA\aAh@k@TAC@Kz@oApA{B^g@L_@h@_A`@gBHw@L[RE`@Nl@^j@LvBv@`@LL@LKVe@`@i@BOAIEGOKoAa@a@Ug@Mg@We@OyAw@EM@QXo@Pm@FED@TJFFb@PR?ZFXRTJl@P^PDBICPPX`@RLp@ZFAFK?]Ga@I@ISII[KGBXq@WeAOQoA_@EMNo@Vw@ZgA@GACCACHEZWr@WjAM^IHUGe@]_A_@QMGD?HBD`@Tv@L|@Rz@^n@RFAFEDUPiAT}@PkAh@iANSPMTI@ALRRPf@l@JAHPZ`@Xh@\Z^GHBdASx@}Ah@m@P]RWf@k@?IEUk@o@Wc@GWEa@FWRWFBZOH@?BC@i@?YJGAMWC?ADG]Q]COEEJMLg@EMQEG@KFi@bAu@t@i@~@a@d@mA|@UXKD]AC@Kb@Ef@@HD?FE^s@AQOg@?]He@|@sDHSJIJAjBp@JFLJGFE?OG}@eAEMICLo@GEJSJe@EOFW@SFS@De@FWVYtAGPACO?SGw@MKAKDWa@USWM]Bi@JURMTcA|EAPBFDD`@Lh@d@b@Nv@\bAXJR@DEHa@QgAs@FCQQ[KWQGAMAYGE@c@Va@^G@gGg[l@~@PPl@dAb@`@lB~CP`@~@rADDD@DCBGVoA@YCGI@_AaAMYEU?QDSLOp@g@HKDCB@IRk@f@QVGTANLX`@`@XVNHN?JMZuBBk@JMLc@DGJE`@GJEHK\uBLk@Re@Hm@Pm@h@_A|@aAH?LFv@|An@~@Z`@Zj@PNH?NGh@q@rAuAj@c@BAHBt@b@JLj@bAv@bAZh@l@j@VXTb@nCbEh@`AJBFANM,85
mk{bFp~dgVi@`@}CrE}GbJcBjBS?USWw@q@iA}AcB_BiA}BgAyCu@y@e@s@Ie@a@{DuGxCoCJWI_@oE_HUBaC`DtCeDC[s@sAmAyAi@SQDuCjCq@w@@]l@vAdH~KVDnAyARBy@^u@t@DXp@`ATx@}@xDr@^r@Jd@Sd@u@EY}AwB[JY`AwBlLPhACp@_CxLKEvAoEpA^nBz@oA{@yAk@]a@h@oBl@qCzAl@~@o@jAHiAm@BeAI[eCcAIW@aAgAi@Y_@Ce@P}@EO\i@h@mBR}@Ga@e@}@]?yBbHDh@nA~@}DeD?]~@eB|AeEMHi@rAULwBwA_@a@E[xAyC]?w@k@FPp@^F^i@v@aAk@`Az@CTc@l@s@[KFk@dBeAtB]rAnEdDV[V{@_BiAIQ`CmEFWGIoAu@m@AUz@|ArA?f@]h@WDeBsAWb@Ej@jDjCvAcDn@aAe@^[|@AP\x@kClGEd@rGtERAV_AFHe@t@QBeGsEW@[j@WHaAy@M@KVBPp@p@m@_AV}@f@gAw@zAu@Sa@Zc@a@DMh@f@LAz@_CIBe@fAc@EUc@\o@Fe@]|@q@`@_AhCB~@_@bARO\{@RC^p@c@fA~@wBK_@c@Ud@f@?x@\j@m@jAZy@x@iAz@t@s@o@W?K`@h@z@Mh@[\GMZm@r@CrAkBFy@Qo@d@kAQRS|@Rp@ER_A~Ag@tBwBzC}C|GmAfDMjBaApB}@nCo@v@aBvEgAjBgA|@kAkBi@e@_@Ee@^]x@WVGa@S^k@_@S@q@xAo@NaFqF{BkBqCaDJcG`@wC`EwJAFl@uBpC_HVSNFp@x@hGjET@fIaSHm@O[kHsFc@KuBhFkBzDUnAaBxDlA_DvAeClAoDz@aBfD_JpAsDVAjBjBvAz@`ArAbBrAzDZeBSbAw@v@yBhCiGh@]fAjCRCI]aD}EXq@lBeBN{@kDyEe@ZgBvBI`@nAlBvCyCVCp@jADj@cChC]LYUiFyIKL@T^DG@\TPn@aHlP[`@mBkBM_@H_@|AmBPwAfEoIxCwDLDzAuCrGyIrAaBxBoBTBjAdBd@Rf@j@~JfPhAdCpBfCl@dAt@xBjGdInGxJTt@NFhFhHx@~A|@jAf@\ZK,86
ek{bFd~dgVU^O?u@gBaD_Fq@y@HPKK]w@kA{Aa@u@kBkCoBgCgAqBuBaDcAgAoBiDw@iBc@g@_AgBgAiAo@aAcEqHu@iA{BiEwB{CWC]XQS_AaBmDeFgOsVuBsCw@_BWcAiBkE{@}C{@sBWCc@TuB`BcEnCGb@T|BHZf@|@Lh@KGu@eC_@uD]a@Qc@e@gCY{@Ii@mAcDOCQJyFhE_Bx@UCYmA_@w@]_@]b@aBhAINZAp@q@hAs@l@u@t@SnCiBbA}@n@[dBoAp@[xBqBr@a@h@i@FG@WeBkDM@}ApAqAr@uIfGiDvBk@f@q@TFBs@r@QHIK@WJYfAEX_@DWmAuCQIwDtCyClBo@R{@h@uA`BqA`AGIDMpAi@dBsATCNFGFLAZw@b@g@`F}CFSEk@HOjDkBrE_DvBaBvA{@v@Wz@w@dAm@x@y@_AoBW{@UIiCpBcF~CuBfA_@d@eBdA}CbDeA\uBbAq@n@]N]CkA_Ac@y@k@cBmAeCCa@LUhB{@~EqDrBeBrBoAp@UrCiBjI_GD]m@eAg@oAMK_@H}AlAs@^GNLFf@UjCcBFKs@qBs@cBMKa@?_@TiAx@IZL?t@}@hAo@HQqAmDUEUN}@z@_J`GaHnEwAlA@^hAdCrArDp@lAf@pB`@v@F^bC~FHj@Rj@^l@VXNFzAeAT[zAmAY@qDpCUd@@b@fAbCb@r@NEt@q@JBdAhDv@fAhCfHHNNB|@o@xFqD|@s@BUw@aBy@_DaAyBuAaEGIWESsAe@w@m@aCu@qBi@kA]a@u@aC?MHAHJ~@tDEPkAl@IPJHNEt@y@vAiAdGaEXa@nAk@xJyGx@u@tFiD|@_Aj@MdAi@NHZEj@m@|B}AdBwA^SDBhAdDBl@Od@wBlAg@LeIdFaCbB}@bAcAXiA`AuJhGc@`@E\p@pAf@tALDhDgCrFkDnB_BpBoA^IpAy@zBiBlC_BtDkCr@@VGf@jB^fAGb@mE~BsB~A}CbBaAv@i@VmDrCo@x@IPE\F^x@jB@RGLuCpA}DrCa@h@Hh@hAvCRCKD@Nt@~BdBrEfBjDfAnDz@jBrBtFvAvCx@xArBvCzApC|DbGz@bBtE`I|@hA~@\Nx@`@t@dC`EpCfEtHjMn@t@pAtBlFtJ`Ad@l@zA~IzMfDjEbA~Av@`BRLX[,87
ck{bF`~dgVO`@Q?c@{@qCwDkB}CaDkEo@o@_@o@s@}A{AsBEY@WGUIG]?]_@}AmCaAqAqByDOg@wBaCoAcB}@}Bw@wA{CmE_CiE}BqCuAkCw@y@i@w@}@cB_CsDgAuBeA}AUk@gAwAUm@mC_EeAgBq@eBWaA}A{Ba@mAMw@a@{AgA_BOi@Zo@b@c@jDaBlA_@tCuAz@g@TR`@lAfCdFHJNCfBwD|@uAbAcCfD{DfA}@z@cA\YzCwA`@g@j@Gf@QzCgB~Ao@hBgAJS?DVCVUHa@SsAF}CLk@`@cAbFaJrCyCRARh@MIAD@Ui@oAMIeBx@s@l@KV@^|AvFl@jAf@tA\|ApBnEhAjDTHXEh@i@PIV\LfATd@^Xf@?jAcA~CcCJYJs@Q}Am@qAWq@a@e@o@yCgAyCM{AMYW@}@dAiF|D_CrAIBMIS_@Gw@]qA}A{C@e@N_@pCqCG_AIYk@kAa@mAKKK?aD|BYZGTDl@rA~C\|AFOGg@]k@m@oBYk@[W{@Je@^]BoAl@cB~AAt@LhCJjAr@lCx@tAjBaALALJc@Zq@D[J_B|AMXCVFh@@h@Pn@ANG@KO?_@i@sAk@Fi@VONAL`@rDEDEEKm@?w@Mq@SEm@\?p@E`@RnAEh@Sd@SRBEiBb@Cb@LOBY]kAA]JKn@QPODOEUMQMBIGLQGRV]t@_@DI[Jk@r@w@d@O^B`@GAM]K?_Br@Qb@A\lAbD@XOKIi@e@{AGg@Sg@[?mAz@KP@Tv@|A^pA@IQ{@u@}A]?y@RMREXNjAVp@n@fA@HGHMMq@gCe@kAMIQ@[TaA`AE`@n@zAnAfBBMEGcAeAOWm@}AW@e@\U^CXb@pAhBjD^^Xl@ZZPh@`@Zh@bAhA|A`C~EhDjFzAtChGnJ`@bAKR[NTRt@lA\nA^ZhAdBdAz@jAnCh@j@xB`Dh@l@b@bAh@r@bA|A|AlCf@l@l@nAf@h@d@z@?d@QnB@hANz@Rh@@Xi@`Ay@hAYXm@`@CPPjAZpAhA|BJf@T^CBjAlAKIEEh@TZ^j@|AzAdBPh@vB~C^x@Jd@^`@DNIXcAx@o@`Ay@v@g@x@w@`A,88
ik{bFh~dgVKRO@Qc@uAqBaA_AyDcGgCoDi@uAuA{A[k@]o@E_@mBsBcAqBk@e@u@sAe@k@o@aBi@cAe@c@Ui@cAkAo@aAoAaCwBgDc@_Ak@y@oCsEWWcAcB_@WoAwBkCaE_DmFQa@_CgDcCaEgCqDu@sBo@aAEe@aAgBq@yBoAgCWYQ]a@eCq@kAo@{AQs@_@gAe@yBVy@XUBKJKXKH@`Bk@j@WhDuCbC{BrAi@`C{Af@e@Zc@~@o@VGbFsDvAq@V]jAq@pB}A|@o@|A{@x@{@`Ao@h@In@[^i@f@e@vBkAnBkBz@a@`Aq@\?j@W~@y@l@{@E@@CfAg@c@HsAn@}@p@i@r@g@^s@d@sEvBIHCPDnAPpAfBrGLJL?fBS`@DHHN~@b@|@ZnD\b@Xt@HlAETe@x@Y\]n@ALTbA`@`Db@fAJf@Ac@a@}Ac@qBI}@S{@BMRWtAw@BQOcA_@_Bi@yC?a@Ou@o@iAi@Ua@V[FSPc@?qAr@Q?a@QO[c@cCk@iBIq@a@sAUWYLoAnAI^^jBn@fCf@rC\x@GJiAn@[DkA_B_AgDWIc@Pw@n@OTCTlBdFNh@PDFUEq@YgAmAmBe@sAi@{@Eg@LWzCsALV@PItBI?Ia@J{BGMKEm@ZuAfASRMZm@D_Av@KPF\hAhCj@tBd@hAPz@IRy@^cBzAg@NKASUc@_BoCkHSFq@h@_AhA]Fk@d@GZ@^pAfDJFRAv@e@n@g@pAs@VYECe@VyD~BUUI?MRIp@KTwGhEORG`@`AtAdAhBXBt@m@PBhA|C^l@JWCU{@oAc@eASsAWo@eAgDIc@w@}Bk@{@s@`@oB~AK@s@s@c@{Ae@{@SCaAhAeAp@}@d@}B|B_Al@ATV~@pAtCJh@\x@Lr@n@~ArDrH~@x@@RRDNlABz@XxAl@xAFd@\j@HZZ`@?PfAxAhAnBpAfA^f@f@fAhAxAx@bBbAvAdAlBx@lAlAvC~BrCv@fB`BlBh@fAf@l@Tf@l@~@~@v@`@l@|@hB`BdEf@j@VFV^tAlDt@xAp@~@fA|@p@|@bA|BPn@dB|AlAdC`BzAjBfDfCzCf@fA`BzBrAzB^R^A,89
ek{bFn~dgVIRW@uAqCcCiDkB_Ck@iAuAyAgAqBy@y@{AoCkAqAqDiGoCeF{@aA}AuCyCgEuAiCuCmEk@oAcB}BK]SK_BaC{KuQwGmJcAeCc@e@aDqJg@iAWOg@mAIiBL[pCcAfHcDJQAWiBcDwAeDoB{BsAiCiAwDiDiI{@wCcIaTc@EwDjCKCOi@DWVSN@kD~BId@a@w@Q{@c@m@c@Uj@|@Nj@CTWPFFjBqAIc@k@aA\r@LFj@a@?s@n@UUPCRf@d@Vx@@`Ai@h@eAd@w@t@GZDb@hAnCV?lB}AjB{@t@u@`A[`AaAxCwBdIkFnBgBlA]pA{@|@{@dFqDDWSWm@Dw@uB?Nf@v@RbAeBv@OZWqBeA{B[_@Uw@BGZv@~@{@@[MIN^ZKNWQq@BOJ@Rl@RDlA{@Jc@WYHf@m@l@UCKWDj@u@\cBdB@XhAtCh@K^c@eAh@Dj@f@p@~@y@rBeA@Yw@kBBXv@|A^?o@^IRLGDl@NBlHwE~BmB`FyC`HgFvAy@XJlAjD?XSZ}BhA}GzE}A|@y@V}IlGm@p@k@N}B|@c@X}EpEkElDyB`Aq@p@kAh@MAGOKo@FQ^KHJq@f@Nl@GTgE`Dm@RcCbBkCrBeAh@w@t@zAxD^BzUwOzDeDrAo@lEiD~CgBn@}@rAg@bAo@l@g@^q@`CsA`A[tA}@h@s@~Ak@^k@hEqCl@q@bCyAh@MtA|DCZq@Z_A~@s@XcBfAgBzA}CrAgAhAqAj@mF~DcDfB}A~AcBb@Wb@kJdGc@NaB`BSb@_APCUq@`AcAh@eA~@yAr@mA~@_BbBe@PuAnBKb@@b@x@|DjBzE~@|AzBQhAg@tDiCxCaCvAq@~AyA`Aw@n@UNScMg\_@cBwD{Jg@cAgAgEkAiC?gAHO~DyBbCiB`A_@~@bD|BxFv@bClC|GTT^bA|ArFl@dAjBxFXb@dBxFAZ}@fB_@pAoEdEA\f@pAVtAn@hAj@jB\VB^p@fBh@dAv@|@YCvAvAhAdClBpCbFhJ`BxB~CxFh@tA`D|Db@x@MYF?`CjEzAfD`BjBd@VPv@Mh@Lt@dGjI~AxCh@b@Zt@zAxA@pDJzFIn@m@pAyA`BVpBxBjFzAnA|C`FbCtCP^Nv@r@tASnA}AzB{AvAqA|B,90
mk{bFb~dgVSd@UMiA{BgAmAoD{FgAkAiHeLy@q@Ia@aBqCiBuBa@gBo@iAyDkFwJuOy@aBiEaGoGuKgB{BiCsEoDaFe@aAc@cBgBaDq@{BcAaC_@g@e@SCe@]}AgAwCVa@?g@sBiCw@kCaEcIa@eBi@y@a@aAgAkEqBeEkB}E{AkFoBuD_AoCg@{BeBwDg@mBg@w@u@_Cg@{@o@iCQGYRaALaCB}HdAiA`ARTdASj@Z`BxFnB|E^vAw@PYn@w@|@{AVgEtBAL|@IbC{ApBmBtBy@rAlDQ|@uIzFGLf@`@Q\K@_@i@FBHi@R[vBiArBuB~@g@h@k@f@cApAYl@g@@Se@kAO}@gBeEe@{ADa@nBeAR?|@rCv@nBnAfCE^MMs@wBa@u@iD|BmAjA`DkB|AsAoDaKGi@r@xCBPIPqAd@qD~Ba@iAOKeEpCMZjE}CBo@y@wBG[FUh@WpG]U]CUf@i@Ui@}@{@_GcImA}B]]Ak@T}@HyAt@qCTA\`@tAdEqAb@sB`Ba@l@CTHRdBzBJDZYs@v@uBTxA@H`@I|@mARzAKJJEbAoA`@@z@v@Tb@KVVS_B\GHQYoD\lCf@J\p@Fd@YJMYBUn@Q\h@N~@Bk@K_A`@OPJZjB[oCRAh@r@`@HjAoA?Me@{@g@aBOCoAjAw@BQOW_Ao@gADSjC_BAYiAkCC]rEoCnC}Bv@[dBkBtBeBjEiCAUiAuCi@TkDrC_Bx@uNvJQTF^z@nB\`@l@vBPVZ?pBw@z@IhCqCjGyDtDsCb@H|@vA@`@Uf@wAdA_@h@}@h@SCiBtBwA|@mA`@i@j@gA`@oBxA]p@DjAPhANNRCb@Yv@s@pEiBxNcKTHh@rBXj@APeBv@gCnBoDbBwCrCyD~BOV@h@g@b@Hf@r@hB^JlCuBhAe@bCeCjCgA`CwB`Au@d@Gn@k@d@P|@tAAZkAfA{ChB}CrBsAnAqC~AqCvB]b@BVnA`EXXdBnExAfFdAbCXjA`BlDlA`ErB~DtBlG^|A~AbCf@nAXzAvAtEvDxHbAvD~A|DbA~C^p@INVp@|CtCv@hBbKtPtD|FbB~ApAlC~@pAhCtElMrSJTGRNZ|BbClA~B|@nAT`@PfA`@`@rAh@d@d@`FvIzAdBz@xBlAxA~AlCTF,91
gk{bFf~dgVOVYDwAiC_@]k@w@o@wAoA}AeAiBwGqJYg@EU@@e@e@kAiBq@y@iAoBmAcCs@cAc@y@s@w@_@{@yAuB}G}KiAmBQc@[_@}@qAq@kAUIu@aAyBmDi@gAkCcEa@g@c@cA_BkCY[mAwBmDgFaAeCoAaCc@sAoFcwAKKWkAs@aBkBqFc@{@e@wAa@w@_B}Ds@}B]k@i@uAcAqDsAyCiAsC{@mC_AuBOm@cD{ISu@[m@o@oBUa@Ic@[}@{BaGg@y@m@s@WSUCiCl@}BjAu@j@SZOd@eA|HIxCDv@E|BFPDb@@l@IdAa@xB@xAJt@~@hBJJVBPGrA}@xAmA~AcAx@]rDeCX]j@Sp@s@tCqBLSAOuAiCSEiAp@sApA}BrA_Az@o@TU@]NcBnAuAtAeAj@{@VKASSMq@AoAPaAJ{CHWt@mAp@w@x@m@vAs@xAcA@QCI_@g@{@sBG]@g@MDEF@TnAdDVZN@XKd@c@P[DU[s@Mc@_@mB?QJONKF@DDBJAH[^GRHh@Vh@Zz@TR^Kt@q@l@]`@c@BUG[cBmC@Lb@nALRL`@?j@HNHBhAxCEVg@n@y@n@CFiAb@k@^a@h@e@Va@NMA_AaAc@y@a@[OU_@cAQy@Yu@I@AHAZHd@xAjEr@hAXt@f@x@d@fAtBzH^d@fBlERz@^|@Jj@Rn@\z@h@z@r@nBl@pBJ|@H\NZd@h@vAxCfAxDd@dADn@ARKb@MTs@~@_Az@yAr@oAv@EL@`@\zBv@dCh@rBv@~Ab@xAlAzBr@fCv@bBRd@Pz@bAzBLh@Vj@f@`BPv@n@bBD@x@rBLhAXx@f@x@p@zADB?G|@~BhAvBb@vA`@z@EMt@hBX|@@Eh@rBjAhCACl@bCL^z@nAd@~AhBrDlAnA^h@`Az@hBnD|CvEnA~Al@|A`A|ArAhCPRTH\l@BMDA^j@Pf@`AbAP~@TZXv@pBdCvAbCp@|@f@xAj@jA`A~ACEzAlBnA|BtAxALf@bAbBf@d@Tf@rA`BF\t@~Ar@x@l@hAj@b@x@rALJL?PZ?ZDJfAzANXRVd@Vn@j@HNHj@j@h@V~@l@|@L^PH,92
}j{bFf~dgVSV_@M}LiQmAcCqBwBeJcO{@sB_EcFq@gBuIuNkB}BO{@bLyMvHuH[}AjCwBnAiDlBoQFwCQyFq@sFaB_Ij@GC}@hBeADUc@gBUEK{AsBmHcBL[KiA_CuAaHe@k@DYhGaDTg@hDeAjD}ClBaAfFoEhHaFbIwDvA{AnAq@AqCi@oAkB`@aHxDuDtC}FhDgCrAqE~Ea@G{A{BBs@j@s@zG_DzA{A|Am@`CwCxGiDeNvAzAnCn@Gf@q@rD{BFy@w@sAm@Q}@N_GvC{AzAcJ`Gy@MqAgAAa@fAoAhKcHtGyEBcF}@UkA`@mEjD{J|FgBl@mB_AGaA~NaK~AYbCyBr@qC_AgCWEgBz@_TjNcAIaAy@cByGN_AvHuEx@_AfLwHEc@{CmHEo@|@bDSx@qIzFaI~EmChAy@o@bCjHHrAt@bApBAjViPTo@{EiLi@sBUQ}FjDyAnAgBh@yAdBmB|@_CpBa@BoAoAAe@~@mAnBcB|BaAzHiFj@iAhCoBD[_AgCk@KgRzL{C~B[BqA{AXm@xD{BdIeG@YcBwD_FxCoAjAiBp@iBpAe@Cw@cBrAcBpEiC|CmCxC{BrEiC}@wDaHyPUAeEdCx@ItAcBhAe@BSeCaFe@sBoBsEyJjJcAzAt@jH|@nEBvA^f@`@BP{@eAy@aAmHgBaEMEcB|BgBnAq@@mAsBFm@|UeUqAaDgRvPyAdBkBh@{@qDdNkM`HqHoAaDWGeO|Nu@^_D{H`I{I\?~BlEXlA{BpDaCbByFnGWpAd@`BWuAy@Ju@q@gA}AiKfLoB}C~K_KtBnDlAfC@|@]fAkGjG_D|D~@sAdEkD\HR`AvArBe@hAF`@hAg@fBcDlAcA|B|ARr@QTkAz@o@o@}@lAPx@|@h@yA}AyAxBv@jA`AB~A_Av@cAe@wAcAaAMHiFjFAj@`BzBO@e@eAUGe@~Bb@kCGsAjA{@~BsCrANtA_@pAlAf@FbAxF`AjDp@jAzA|FnCbG~@hDhApBzFpObDfKrAtBlBvGtCbHlEzMlEhKhBvGrCjFjAnEpBjEW|BiDhEkD`Hs@pCGfCLpAhBzE`A|FpA~E`@hHEpHuBnQcBfDmBnBSp@jEjIrFfHzLfRZdAYbEj@bCnBdD`A|@lL`QBp@k@`BAz@e@z@f@SNHs@x@CjBgChByCdETjASEY`@aCYiCsD[yAxHcJx@_@pDfGmDjFyDjE}D}GhCmCjCbBv@lBeApC,95
gk{bF`~dgV`@OlCcEnD}Dr@eAjBiBjA}ALi@I]uAaBiBaDeAoAa@Sa@}@gBmBo@eB{CeEE[D_@n@yAbB_CFkA~@oA\s@rAwAp@_AlAoBd@_@Vi@|BaCn@_AXy@lAaAnAsBj@a@xAeBl@oAt@gAHo@O_EDgAGY@v@SmAP_BGkDI]MmEEyG[W?Y\}AIy@CwBHg@^s@@SMk@I_BLyADiAOkC@mBMgC@iDcAqEsBkFYc@M{@}@_DS]y@aA]wAF{@`AeBTCd@[rAgA`@k@OcA@_BKuAi@cBq@cAs@cCkBaDaCsHkAwB_@yABy@_ByDkAwBm@oCk@cB}@sD]m@e@}AsC}FgBqFiCeG_@kBaAmAyA_FmBaEk@mBiC{GKy@WY_@}@WUq@uAI{BDc@LUjBcBhAc@j@g@rB_@JIAQKS{@gA}@_CoA{AqAwDi@mA_AkAe@gA}AmBsAsCo@{@m@uAa@i@y@{AiBgFOoAeAyB{AaEc@y@yBoGKw@DOj@|B@TKPkCxAU]WqAKBAZlAvBfAbD~CxHXxAl@tAV`A~@pBTpAQfAW`@g@n@wAx@}@z@KCkA_B[sAcCyFeBkEoAaEiAkCIIWFiAjAKAPUvAw@BSMc@NAV^vBwAF_@Sm@JJN~@bBnEjAdE~B`GJn@j@x@pBfF@TMl@BRTh@NDW_@UBcAbB}@\O?`@Kl@z@jA[jAu@r@LZXbArAz@vBfBjCfAfATd@V~AMx@y@dCmAtAHj@Ep@^tAy@}AsBr@Kh@NfB`@fB~@vApAbD^P\b@k@RICc@uAg@QcCp@mBvAwCfAcBhAMIMDuAtAgB`AuArAgBxAeCjAmAhAsBdAu@t@]EYq@BEHJt@dDlBvEl@xBtChH|@|CtBbEAXfAvBvAhF|AjD`BzF`BnChB|EnAfEj@tAFVQ\S|@_BhBIXxAtCZpAV`@PdAvAfDVnAEd@OVm@h@gBfAc@LaCxB}@b@yHlF{At@_EbEYBmBfAoHdFGRJ`@dAvAx@v@\hBn@xA@p@[hAk@|@eBp@{B|AmAd@Wl@CnA`BpDdA~ClBrD\lAf@l@oB}@zBxAjFhI`DzFfApAjBfD`CfDf@lAjBrBxBvDPj@lFhIdApBtEnHrA`Bh@~@M?fCjEfBzB`BpClFdHx@`BhAdBrBfCp@dAPh@f@x@NFLO,96
ik{bFn~dgVIPSLMAEEe@_Bm@mA[a@o@eAcAsAyCoE}@mAm@i@[c@]}@oAmBs@uAm@k@wAaCeA}AYm@k@_AeBeD_A}@k@eAuEgHiAuBgDqFc@{@g@m@w@iAoAyAe@_Ac@m@Yk@kCcEqBiDs@eAm@iAy@eAiCeEm@w@uC_Gi@wAU]Mi@[m@kAuCQ{@aAkAc@iB_@{@_@iAi@sBg@uAMi@FcACqADGJCTQ`@CVMd@]v@{@zA}@n@k@b@MbAy@~@a@hE_Dj@[FKdAq@h@k@|@a@pAcAn@a@rBaBxE{CxAkAlB_AJO@IwAmDeCiH[u@qAyDeD}IKi@AaAEOi@mAi@{@w@kBg@eBm@yAwA_Fe@?e@eBi@iAaB{DaA}C[m@]iAc@}@UiAo@oBsAaCO[u@yBQ{@Yy@[{@[i@gAgDcEoKw@cC[u@sB_GOKIBoA`BWr@gChCy@f@y@~@I@QMw@uBQ[UU[m@Mu@@QJUC?Qj@@`@FVb@v@Ph@^p@@JERi@j@QJYOYm@Ke@CGE@?Tj@x@LZBZy@~@]TOCMMm@yAG?CD@Hj@~@LZDTENMPcAv@OBMKQWYaAKGCP@F^b@Xj@BRGRKLc@VAFNBNIzAyAVQrDmDb@w@LBJV~@`AbA|B`@nAh@fAfAlDNj@b@`A^j@lAzCTbA`@lAj@pBhAnBDT?VJ^n@hA|@pCj@z@H`@RVLn@b@hA`@hBxArCVhA|@zB@P\vAzAjC~@vC|ApD`AjDLTFDCEHL^|@\tAz@pBTbBdAjCAh@BLd@n@h@bATr@XnAp@bBb@bBnAvBEFI|@K\ITa@h@Qh@WXaAr@k@h@I@mAx@c@p@[Ne@FWJ{B`ByBnAa@\aAhA[Rg@Nk@d@qAp@i@b@iAp@wAjAGLAb@H^dBtElA~Br@zBb@dBZr@lAtBbBhFpApBzAzBrCvEZn@x@jAz@bBp@~@H@Rf@v@bAl@rA~@tAj@dAp@z@^x@f@j@`AbB`@\tAfCvCjExB|DjBvCjCnFz@bAd@bAZ~@FJF@Zh@pApA`AvAl@r@j@|@GCF`@d@|@rA`Bt@r@lBfCzBhDfAtAv@pAL^t@pArA`BJFHG,97
mk{bF~}dgV@JJAXe@bAy@h@aAxAsAh@aAd@_@\e@b@cAjAmA@OZOd@{@~@cADSEQg@a@e@q@g@_@[_@S_@Um@W]g@Yo@s@Sk@yA_Cc@sAYo@mAuAeAoB[s@@YPc@p@oAp@i@`@c@b@{@`AoAj@_AdAaAdAkAl@iApAuAh@{@n@i@h@{@TSh@}@BSK{@?OFQt@}@~@s@`@k@b@_AdCcDf@i@JWJyAIgAIe@CkAGsEFs@i@}N?kAHmAI_CKcBAyAFYf@k@Cm@OkA@DIAGiADu@Jg@B[CyFKqBHWRGDKMOaAUSSIg@BgB[gAOUMc@PFQAKO]qAWk@Qo@_B{Cq@}C[q@Ac@S}@?a@M]F@]aAkAiBu@qBMi@q@qAIW?OGa@Y_AMKYCgAFgAXaAp@o@RWAUOGLWIOOw@eBe@m@c@kAOaAeAsBCYIWg@w@yAiFqAkD?HIBI?KMM}@[kAk@u@[o@IoAq@mCi@}A_A}Ac@uA_@q@KaA]yAoAaCo@y@i@oA_@eA_@uASa@Su@_@{@Uu@]w@Me@[s@k@aB[{AGQ[[i@yA_@q@MaAW}@w@_Bk@wAk@eBc@eAGc@O[KGY@eBZQJEJcB~@YZKBMG_AaCEOASfAm@ZIZQBECEi@T{@n@m@Hi@T}@t@MBUKc@q@a@SWIe@C}@Ri@y@SIa@@QQw@Co@P{ChBy@p@eAb@YAg@g@YKa@q@C?EPMH}B\iBn@@Ft@Gd@Kv@UbAi@P?LF\`@|@~AvA`D^pAl@rALD`CiBx@U`Ag@v@k@d@Mp@y@FSj@SbC{A`A{@f@GRFNZFb@Lb@~@tB~AxEVz@Vv@\r@v@nClAdCLLTj@dAjEXl@CA@DH?N`@`@~A\h@P\d@hBZv@DDh@zAhBhEx@rCz@dCh@jARRP\l@hBh@pAVvAt@vA`@nAZd@HVzAhDbAdEh@bCRb@^d@BP?RHEXLh@jATlAhAzCR\EB?HFLNbAt@fAHGFD?XEFU?aBnAq@HqA~@g@h@qAdBiAx@s@xAw@tAWl@Kd@Qd@{@xAUh@E^Of@M|A?jBBf@h@lBTj@V^TdAV~@,98
qj{bFh~dgVHERS\WX]Rc@b@m@FQ?GY_@o@q@m@eAg@g@_@[s@oAs@{A_AeAg@y@e@g@o@_AkAyAa@q@m@oAGQCS?Q@OJUh@u@j@gAXWN@x@t@zAdBJLNj@RZd@j@TR~AjBJRDT~BxCL\`@f@Tb@NP\XXd@\ZVj@BPFLv@dA`ArBd@h@n@bArAfCx@|@JHR@FAf@YbBuAdAqA\[d@ULDVz@pB`DNb@JNRTDCZZVPZf@`BlBlAbBHNh@l@l@fART\Xj@dAj@r@JV@T?RK^KRa@f@GDK@_@QsA_A]s@_A}@Y]}AmCoAeBq@iAMCKD]b@[h@a@d@MVG`@@J|@bApDhFvCvCG?APCJg@`@c@d@SJY?e@WoBeBc@q@m@qAc@q@k@s@Wk@w@w@i@y@c@a@Q_@MMICM@MDKJIREbBLjARp@HXhAfB^b@jBhBd@j@t@nAX~@Bl@aAF}@VOAGG]q@_AyA{@cAe@[KK_@cAm@iAo@{@WWMWa@o@[_@cAaBUc@q@eBu@cAg@cAQO_@a@SOU_@q@u@]m@g@k@m@]y@u@U[EOAI,99
gk{bFf~dgVA@YRi@jA[ZOTiAtAeA|AwA`BSNMNMRQt@OZq@hAw@v@Y`@ELHRVXXVx@Jn@ETDTNl@p@hAfBTVR\b@ZdB~BN@VYHC@DEJQRIP?NFNdAnAJTp@|@R`@h@r@R\rAfBPPTFBDABEBGAyAmB_@o@OKOBYVOF[DqCKo@@FC}@FYJ[Vw@~@[Vm@REBGP@TTjBL~AT|BHZJLF@b@Gh@WlBcAPOLmCCgGEcA?]Ai@Uk@KMuAsAkBsCu@y@KUIIu@_@gAUYIKIIAEBINQjA?RDXd@vANJx@]L?LFj@`Ah@l@^n@Hb@CPkAjAW`@FDD?JO?YPGt@}@t@s@ZMrAu@d@_@x@i@BI@SGQk@s@k@aAYY_AeAq@{@WSWY?Cs@e@]Ca@Ke@CIESU@GGQAQFODCPUBMHSnAoBRMNU~@eAfA}A~AkB|@kAr@w@\k@Mc@@E,100
mk{bF|}dgVFFNK\_@p@eAj@e@BMEQS[c@e@Uc@]_@]o@e@q@a@s@WY[i@m@w@yBcCO_@s@mAEMa@g@[g@g@i@u@eAKCQ@UO?[@IJMRAr@m@xAiBZYNSRi@jA_B`A}@p@w@PMN?LHVl@^f@NHz@NXRh@v@FDH@DCh@y@\a@P[dAmAT_@t@_AtAyBTOh@i@h@u@RUp@{@\YLCJJXh@NRhAfBf@r@nAtBDN?HMZu@~@g@fAi@h@a@p@q@l@y@jAO^_@Xa@h@_@^]f@a@r@e@b@CFCN@TT`@^XPPR`@PT`@^V\T`@HDTAHFDPFn@Nb@RTb@r@Z\Vb@f@n@dA~Af@h@P`@TXb@x@hAhA^n@BPCl@BPLV\\f@r@l@r@Zn@DPGNa@\u@z@KP?Rx@nAh@p@f@t@r@r@hAdBd@b@f@p@\p@Nh@HBBDBN\d@BH?FURUJSROJq@RoCtAODSAe@o@[m@a@k@iAwBKGMQkCmEi@a@WYa@K]QYSWMo@c@eA}@m@YMKy@aB[g@i@c@QQoBoD_B{Be@e@UDGAYUUm@gAeBUY}AgCGCGAWLg@l@}@pAWp@ORDPDBTDNNlC|ELDJK,102
ek{bFf~dgVBFFCrAsB^]Tc@@KO]e@]c@m@s@w@u@kAGW@OHQb@[NWr@u@Ta@pAkA\k@CHTUTM`@i@^]n@eAJc@PMv@}AVYXUh@_ATWlAmA\o@|@cAd@s@bAgA\W^k@VQXYPAFLZv@h@fAp@lAV`@JFL?TMPa@dAqA@E?QCKa@c@g@_A[e@{@yASk@{A{BW[aAaBs@aA[Y_A{Ae@}@WU}@yACSFMX]FU?YDOLOVOL?NHj@hAvC~Dl@~@x@fA`@r@X^Tj@h@n@NJR@bAeARGFBPNb@t@PVr@d@HLb@p@`@z@F@^UJ?x@\XTnB|Bj@`AlAjB|@fA`@n@\^h@fA\^j@dA`@l@PJ|@hATN@H~@pA^V\h@ZTFNNNP@LCRGHOA?DYNw@NyABgAGsBCQ?w@Cu@AQM[S]c@e@g@u@Ys@]k@OOWa@[]Sm@[i@GGYW[_@a@k@_@m@MMe@q@UWsAeBY[]k@SUOGWFc@RQBGCYe@}@kA_A{@SWSa@Eo@eA}@QWe@g@k@s@eA{BUAOHo@r@_@t@k@x@a@r@YTk@ZMC[_@g@{@o@}@S_@SWa@[[k@EEG?IBs@jAWh@eAjAk@d@ONWn@QZg@f@]`@cB|BUR_@Rk@z@g@j@@GEBQRKPCF@FWl@_@b@QZ_@\Sf@aBdBiCdDq@d@]j@o@n@q@hAEP?JHLn@p@h@t@h@z@`@hA?FCTG@MNm@fAMBQPO\@DAZDZRv@?FNb@DZhArBPf@HFr@dAD@xA~AZr@J^p@z@Ll@X^@FGNeAfAk@p@KLMD,103
_k{bFf~dgVFFF?BCHWNO\ITAPEl@gAJCRBPNV`@x@|@LR@FZ^@D?\FNp@t@r@|@?FVZx@xA@VL\LLVJDALM`@y@Zg@jAkAr@gAbAwAN[v@aAt@o@T@b@\RZf@b@d@n@NJ`@^RZ~@`Ab@|@hC~Cz@rAb@j@x@zApBvBXd@Jd@?FGTOZ]ZSJWBOAWKgAeAS[c@]a@i@YUYa@WYSc@a@]o@w@s@eAUk@SYIGE?EDYl@W^Yh@}AjBw@dAWP[`@S\e@Pa@`@_@Ra@^GFCPWT]RYd@[Xc@~@yBrC[PI@WGM[AE@GSUs@eAg@}@GGSe@o@_ACSBOb@k@AQS_@kCcDQ]]c@[m@o@}@[k@gA{A_@U_@q@Wi@]]QUe@g@uAqBcA}@q@cAGQs@qAi@s@a@_Am@w@mAwAKOGQMWs@w@SYEUJ_@p@aAJe@CHJIFKJMXMLKh@UPM?]FOPWPUXUl@y@`CwDv@}@LMNA^BnAj@\d@VVDTFPZZFTJJb@a@dBmAb@a@@Ib@_@XMTHZEV@RFVX^TZd@?HT\Zv@VZLDD?RMXINFF?RCLGJIHMTSV]b@Yl@q@R[Xi@?CPYd@a@hA{Av@}@r@iA@IFKJCP?LH^NBLNXvAdBLVHDNC`@Wn@Q`@OFAVLJCJMBWZ[^{@l@c@NB\RHBF?KOADGCOSKIS?ULaAhAe@|@e@\[b@u@r@_@|@Yb@ITYZ]b@[Ta@h@UFKHuC~Da@v@c@b@_ApAe@`@c@d@UNc@n@[Ti@p@IHo@\[`@BJEDm@n@oAbBeAbASVe@`@s@lAg@~@,104
_k{bFj~dgV^g@TGCG?GRK\e@^[@WEWUSSWo@wA]i@Oa@KSu@cAO[u@gA{@_AOYsAiBQ[CQBQHOl@m@JGZ[rEyF~@yAPQPKF?LDRV`@p@N`@P\`@f@xB~Cp@v@~@vAv@bA~@xAZ\|BjDl@t@t@pA~@nARTl@`AZ^\t@PPx@hAZXl@~@`@z@x@dABLCFsAzAe@f@e@x@YT[`@MDEAe@cAOWiAwAaAyAm@w@CI?EBGp@o@pAuAxAmBLIJ?ZFTALBr@nAJHLGd@u@z@cA^]fAuAN[|AmBDOAUKQ_@e@Sk@Wi@EOR[b@[t@u@FOBa@H[Zo@JK?QKSg@m@e@ISWe@w@MCUTy@xAi@j@GDM@KEMMg@gAAS@URWx@q@TYNSBMAKK]aA{A}@iAWe@E@ORYj@]^W`@a@b@UP_AfA]h@iArA_@j@uDtE]@IH}@lAYj@e@v@IR@LHL^\dAxAb@t@Zr@LT|C|DJb@d@j@AFKLQL[^a@^MRGRGBa@b@]b@i@x@ARHZF^HN\T`@^RXJHPVf@l@nAfAdApA^h@P\\\z@nAt@~AZb@FNj@r@Nd@d@r@EF{Ar@O@GA]c@k@cAsAkBw@sA_C}COK[y@k@mBo@qAs@mBc@o@y@yA}@mAu@eAg@m@_@{@k@]gBwCSMSBWXYf@{@~@KFSAKE,105
ik{bFz}dgVADDBNK\c@`@]T]j@q@XT@HO`@k@p@wAjAW`@_@b@]ViAtAm@x@aBjBQZg@j@g@x@oBpB[f@u@|@U`@@LLZJb@Dd@Eh@GPMj@Ur@Gf@@f@Fl@z@tC\|Ar@tC?HIFgA^s@`@e@PKBS?E@CH?TFR\d@HT@Hi@pAKZEZ?^HXZh@f@lBN`@Dl@?\J\CLcBb@IGMSS{@Ys@w@yDa@wASg@i@cC[_AOw@Y_A]}AKOYUg@S]GMFKJSj@UZEPHV`@\LTL`AXlAFd@\x@v@bE`AtDj@dBd@tBCHKF{Aj@M?KIEIOi@G_@a@_A[eBa@kAw@yCCOJ_@?M[kAUm@SOU?oAr@]JK@MEIMCKBIFA?h@Db@l@~BVl@Jr@X`AJn@l@tBBZNTD@FC^Mv@g@ZO?@@E?s@BYO[Mq@O]g@uB@g@JSl@]^[\IT@PC`@YfDoB`@OTEr@WLABE@WSq@AWHOTOHMBO?YCSq@gBOw@i@qB_@u@{@uACIDAFFL`@@NCTgAbBIX?HJl@JVLj@PfANJHAHJHp@VpALND@P?TQF?BBJd@DVAJDPj@v@JHZClAe@b@Gz@DFJDPJzAATEHYHi@De@L{Aj@u@\GHAFFTRh@Rz@T`@VdAFJFBL@n@St@c@lAe@PMBSG_@IUSwBAa@Im@IgB]}BEYWq@UmA[qAo@wBYuA[oACYDi@d@_BR}@?[Uc@@e@Li@PSBKPSTc@?SJUjAqAPO`@m@p@q@JSRi@l@w@TKTUz@mAVUt@}@NWVk@DGENNENOz@qAVUHEF?x@\\Hl@`@h@d@N`@h@`Ad@r@d@v@`@b@`@p@TRbBtCn@xAJb@Lz@^rATb@VRPFJC`Aw@Tc@|@{@l@{@N[HU?GIQc@m@WUYa@o@mAm@o@SKaAwAc@cAs@kAi@c@c@}@kB}BYq@Io@KYSW][_@k@IAMHQ\Y\E@a@EMHWXe@t@YTe@l@_@f@Uf@w@bA,106
ck{bFz~dgVCZKVBPDFFFXJ`Al@x@`AXd@^\Xl@f@p@FVFLp@z@PZf@v@p@z@Xx@Xl@f@t@t@`Al@hAPXv@v@x@nAX\r@dAd@j@Zh@lA|A@FADGB]FCBANDPFDf@FRNz@tAj@f@d@t@Rd@r@tATr@R|@Jp@HXBd@A`AJ`ADdACt@Bl@?t@Bh@@bAClADpAEhADzDAt@?tCCDEACQ?cABs@AkAEgBEUIOOKoAc@KFCDETIbACpEEtABfBCNSDWBgAI{ACcADKCEEAK?w@HiBGuCD_A?eAFMPEJBZXh@`@h@\ZPf@L^PH@DC?C}@k@o@W_Ai@qAaAcAa@}@cAUOGAGBCFERL`ABf@?|CCb@@VBP?x@B|@IzA@z@GHM?[IkAGEEAKB}AA]@[?{CCqBBaBGiAGa@E_@Qa@I_@O]Gc@q@gCIi@c@cA]}ACYBe@DMPYNIV@FBf@f@d@~@H`@j@xAXnAHLRHl@DNDVZTd@Z`@|AzAzDtCp@Z`@BAFDd@?r@Eh@D^GLKBO?g@Sw@e@uEaDi@i@]QUQGOGYKsAQo@C]?e@AGCCED?ZPnDCLEBM?g@IM?cAHw@Le@NQA?DOs@UkB[mAE[Sm@a@gBi@aBI]o@y@]q@KGWH}@h@ENJx@Jb@Fh@h@vBL^\xADt@?`AGVIVAFl@~@LZJFz@c@`AYTAHJFj@@h@HlA?xCCz@BlAAbDCPEDEBW?eASIEGM?k@Ny@B}@AgAKeBAq@_@oBCq@GWKSeBiBCA?FI@UIaAy@w@e@gAC}@@KEIMk@eCOUGQG[@SRIRC\Mv@g@`@SL?BDBR@h@BVV|@b@dAFj@At@EXCDMFg@Ii@@i@AEBENAZFj@Nb@R^f@Nl@Hj@LZPZb@p@vAFXH~@H~BAnB@\?`@CPIVIFQBiA]MKCOHoA?eADyAC_@GK[y@Yc@m@[UCKKAGFgBQoBGSO_Ac@gAy@cDOY_@oAUmAKcBQqA?}@Iy@M]Ss@Mu@S_@KY_@gBm@yBi@yBIu@@]Jk@Zk@\wA?i@CSa@kACM@MXg@^c@@IFKlAoAn@g@h@}@~AgBh@y@`@a@v@cAJWDa@Te@\i@Hc@,107